Protocollo;Gruppo;DataOraIncidente;Localizzazione1;STRADA1;Localizzazione2;STRADA2;Strada02;Chilometrica;DaSpecificare;NaturaIncidente;particolaritastrade;TipoStrada;FondoStradale;Pavimentazione;Segnaletica;CondizioneAtmosferica;Traffico;Visibilita;Illuminazione;NUM_FERITI;NUM_RISERVATA;NUM_MORTI;NUM_ILLESI;Longitudine;Latitudine;Confermato;Progressivo;TipoVeicolo;StatoVeicolo;TipoPersona;Sesso;Tipolesione;Deceduto;DecedutoDopo;CinturaCascoUtilizzato;Airbag;
4017454;6;02/10/2018 18:00:00;Strada Urbana;PIAZZA DELLA MARRANELLA;in prossimità;;del civico n.;fr. 11;;Veicolo in marcia contro veicolo fermo;Rettilineo;Una carreggiata a doppio senso;Asciutto;Asfaltata;Verticale ed orizzontale;Sereno;Intenso;Buona;Ore Diurne;0;0;0;2;12.5425;41.8806;-1;2;Autocarro inferiore 35 q.;In marcia / fermata / arresto;Conducente;M;Illeso;0;;;
4017472;5;02/10/2018 10:30:00;Strada Urbana;VIALE BATTISTA BARDANZELLU;in prossimità;;del civico n.;79;;Scontro laterale fra veicoli in marcia;Curva senza visuale libera;Due carreggiate;Asciutto;Asfaltata;Verticale ed orizzontale;Sereno;Scarso;Sufficiente;Ore Diurne;0;0;0;2;12.575;41.9154;-1;1;Autovettura privata;In marcia / fermata / arresto;Conducente;F;Illeso;0;;Non accertato;Inesploso
4017472;5;02/10/2018 10:30:00;Strada Urbana;VIALE BATTISTA BARDANZELLU;in prossimità;;del civico n.;79;;Scontro laterale fra veicoli in marcia;Curva senza visuale libera;Due carreggiate;Asciutto;Asfaltata;Verticale ed orizzontale;Sereno;Scarso;Sufficiente;Ore Diurne;0;0;0;2;12.575;41.9154;-1;2;Autocarro inferiore 35 q.;In marcia / fermata / arresto;Conducente;M;Illeso;0;;Non accertato;Inesploso
4017475;20;02/10/2018 20:00:00;Provinciale;VIA BRACCIANENSE;all'intersezione con;VIA DELLA STAZIONE DI CESANO;VIA DELLA STAZIONE DI CESANO;;;Infortunio per sola frenata improvvisa;Intersezione stradale segnalata;Una carreggiata a doppio senso;Asciutto;Asfaltata;Verticale ed orizzontale;Sereno;Scarso;Sufficiente;Sufficiente;1;0;0;0;12.3654;42.0132;-1;1;Motociclo a solo;In marcia / fermata / arresto;Conducente;M;Rimandato;0;NON DECEDUTO;Non accertato;
4017484;19;03/10/2018 06:30:00;Strada Urbana;VIA CARLO LIVI;all'intersezione con;VIA ANDREA VERGA;VIA ANDREA VERGA;;;Scontro frontale/laterale SX fra veicoli in marcia;Incrocio;Una carreggiata a senso unico di marcia;Asciutto;Asfaltata;Verticale ed orizzontale;Sereno;Normale;Buona;Ore Diurne;1;0;0;2;12.4185;41.9359;-1;1;Autovettura privata;In marcia / fermata / arresto;Conducente;F;Illeso;0;;Non accertato;Inesploso
4017484;19;03/10/2018 06:30:00;Strada Urbana;VIA CARLO LIVI;all'intersezione con;VIA ANDREA VERGA;VIA ANDREA VERGA;;;Scontro frontale/laterale SX fra veicoli in marcia;Incrocio;Una carreggiata a senso unico di marcia;Asciutto;Asfaltata;Verticale ed orizzontale;Sereno;Normale;Buona;Ore Diurne;1;0;0;2;12.4185;41.9359;-1;2;Autobus di linea;In marcia / fermata / arresto;Conducente;M;Illeso;0;;Non accertato;Inesploso
4017484;19;03/10/2018 06:30:00;Strada Urbana;VIA CARLO LIVI;all'intersezione con;VIA ANDREA VERGA;VIA ANDREA VERGA;;;Scontro frontale/laterale SX fra veicoli in marcia;Incrocio;Una carreggiata a senso unico di marcia;Asciutto;Asfaltata;Verticale ed orizzontale;Sereno;Normale;Buona;Ore Diurne;1;0;0;2;12.4185;41.9359;-1;2;Autobus di linea;In marcia / fermata / arresto;Passeggero;F;Rimandato;0;NON DECEDUTO;Non accertato;Inesistente
4017485;8;02/10/2018 17:10:00;Statale entro l'abitato;VIA CASILINA;in corrispondenza;;del civico n.;1384;;Scontro frontale/laterale SX fra veicoli in marcia;Rettilineo;Una carreggiata a doppio senso;Asciutto;Asfaltata;Verticale ed orizzontale;Sereno;Intenso;Buona;Ore Diurne;1;0;0;1;12.6176;41.863;-1;1;Motociclo a solo;In marcia / fermata / arresto;Conducente;M;Rifiuta cure immediate;0;NON DECEDUTO;Non accertato;
4017485;8;02/10/2018 17:10:00;Statale entro l'abitato;VIA CASILINA;in corrispondenza;;del civico n.;1384;;Scontro frontale/laterale SX fra veicoli in marcia;Rettilineo;Una carreggiata a doppio senso;Asciutto;Asfaltata;Verticale ed orizzontale;Sereno;Intenso;Buona;Ore Diurne;1;0;0;1;12.6176;41.863;-1;2;Autovettura privata;In marcia / fermata / arresto;Conducente;M;Illeso;0;;Non accertato;Inesploso
4017492;12;02/10/2018 08:40:00;Strada Urbana;VIA CINA;da specificare;;;;fronte civico 91;Veicolo in marcia contro ostacolo fisso;Rettilineo;Una carreggiata a doppio senso;Asciutto;Asfaltata;Verticale ed orizzontale;Sereno;Intenso;Buona;Ore Diurne;0;0;0;1;12.4342;41.8127;-1;1;Autovettura privata;In marcia / fermata / arresto;Conducente;M;Illeso;0;;;
4017498;7;02/10/2018 19:30:00;Strada Urbana;VIA WALTER TOBAGI;in prossimità;;del palo luce n.;47;;Veicolo in marcia contro ostacolo accidentale;Rettilineo;Una carreggiata a doppio senso;Asciutto;Asfaltata;Orizzontale;Sereno;Normale;Sufficiente;Sufficiente;1;0;0;0;12.5973;41.8753;-1;1;Motociclo a solo;In marcia / fermata / arresto;Conducente;M;Rimandato;0;NON DECEDUTO;;
4017508;8;02/10/2018 12:00:00;Strada Urbana;VIA DEGLI STORNI;all'intersezione con;PIAZZA DEI CIGNI;PIAZZA DEI CIGNI;;;Scontro laterale fra veicoli in marcia;Incrocio;Una carreggiata a senso unico di marcia;Asciutto;Asfaltata;Assente;Sereno;Normale;Buona;Ore Diurne;0;0;0;2;12.595;41.8653;-1;1;Autovettura privata;In marcia / fermata / arresto;Conducente;M;Illeso;0;;Non accertato;Inesploso
4017508;8;02/10/2018 12:00:00;Strada Urbana;VIA DEGLI STORNI;all'intersezione con;PIAZZA DEI CIGNI;PIAZZA DEI CIGNI;;;Scontro laterale fra veicoli in marcia;Incrocio;Una carreggiata a senso unico di marcia;Asciutto;Asfaltata;Assente;Sereno;Normale;Buona;Ore Diurne;0;0;0;2;12.595;41.8653;-1;2;Autovettura privata;In marcia / fermata / arresto;Conducente;M;Illeso;0;;Non accertato;Inesploso
4017517;13;02/10/2018 08:45:00;Regionale;VIA GUIDO CALZA;da specificare;;;;snc;Scontro frontale/laterale DX fra veicoli in marcia;Curva a visuale libera;Una carreggiata a senso unico di marcia;Asciutto;Asfaltata;Verticale ed orizzontale;Nuvoloso;Normale;Buona;Ore Diurne;0;0;0;2;12.4964;41.9028;-1;1;Autovettura privata;In marcia / fermata / arresto;Conducente;M;Illeso;0;;Non accertato;Inesploso
4017517;13;02/10/2018 08:45:00;Regionale;VIA GUIDO CALZA;da specificare;;;;snc;Scontro frontale/laterale DX fra veicoli in marcia;Curva a visuale libera;Una carreggiata a senso unico di marcia;Asciutto;Asfaltata;Verticale ed orizzontale;Nuvoloso;Normale;Buona;Ore Diurne;0;0;0;2;12.4964;41.9028;-1;2;Autovettura privata;In marcia / fermata / arresto;Conducente;M;Illeso;0;;Non accertato;Inesploso
4017518;8;02/10/2018 08:00:00;Strada Urbana;VIA MASSA DI SAN GIULIANO;all'intersezione con;VIA FANO ADRIANO;VIA FANO ADRIANO;;;Investimento di pedone;Intersezione stradale segnalata;Una carreggiata a doppio senso;Asciutto;Asfaltata;Verticale ed orizzontale;Nuvoloso;Normale;Buona;Ore Diurne;2;0;0;1;12.6918;41.9062;-1;;;;Pedone;F;Ricoverato;0;NON DECEDUTO;;
4017518;8;02/10/2018 08:00:00;Strada Urbana;VIA MASSA DI SAN GIULIANO;all'intersezione con;VIA FANO ADRIANO;VIA FANO ADRIANO;;;Investimento di pedone;Intersezione stradale segnalata;Una carreggiata a doppio senso;Asciutto;Asfaltata;Verticale ed orizzontale;Nuvoloso;Normale;Buona;Ore Diurne;2;0;0;1;12.6918;41.9062;-1;;;;Pedone;F;Rifiuta cure immediate;0;NON DECEDUTO;;
4017518;8;02/10/2018 08:00:00;Strada Urbana;VIA MASSA DI SAN GIULIANO;all'intersezione con;VIA FANO ADRIANO;VIA FANO ADRIANO;;;Investimento di pedone;Intersezione stradale segnalata;Una carreggiata a doppio senso;Asciutto;Asfaltata;Verticale ed orizzontale;Nuvoloso;Normale;Buona;Ore Diurne;2;0;0;1;12.6918;41.9062;-1;1;Autovettura privata;In marcia / fermata / arresto;Conducente;M;Illeso;0;;Non accertato;Inesploso
4017521;20;02/10/2018 19:05:00;Strada Urbana;VIA DEL FORO ITALICO;da specificare;;;;ingresso galleria Farnesina;Scontro laterale fra veicoli in marcia;Galleria illuminata;Una carreggiata a senso unico di marcia;Asciutto;Asfaltata;Verticale ed orizzontale;Sereno;Intenso;Sufficiente;Sufficiente;0;0;0;2;12.4828;41.94;-1;1;Autovettura privata;In marcia / fermata / arresto;Conducente;M;Illeso;0;;Non accertato;Inesploso
4017521;20;02/10/2018 19:05:00;Strada Urbana;VIA DEL FORO ITALICO;da specificare;;;;ingresso galleria Farnesina;Scontro laterale fra veicoli in marcia;Galleria illuminata;Una carreggiata a senso unico di marcia;Asciutto;Asfaltata;Verticale ed orizzontale;Sereno;Intenso;Sufficiente;Sufficiente;0;0;0;2;12.4828;41.94;-1;1;Autovettura privata;In marcia / fermata / arresto;Passeggero;F;Illeso;0;;Non accertato;Inesploso
4017522;19;02/10/2018 20:30:00;Strada Urbana;VIA MATTIA BATTISTINI;all'intersezione con;VIA BEATA VIRGINIA CENTURIONE BRACELLI;VIA BEATA VIRGINIA CENTURIONE BRACELLI;;;Scontro frontale/laterale SX fra veicoli in marcia;Incrocio;Una carreggiata a doppio senso;Asciutto;Asfaltata;Orizzontale;Sereno;Normale;Sufficiente;Sufficiente;0;0;0;2;12.4184;41.9139;-1;1;Motociclo a solo;In marcia / fermata / arresto;Conducente;M;Illeso;0;;Non accertato;
4017522;19;02/10/2018 20:30:00;Strada Urbana;VIA MATTIA BATTISTINI;all'intersezione con;VIA BEATA VIRGINIA CENTURIONE BRACELLI;VIA BEATA VIRGINIA CENTURIONE BRACELLI;;;Scontro frontale/laterale SX fra veicoli in marcia;Incrocio;Una carreggiata a doppio senso;Asciutto;Asfaltata;Orizzontale;Sereno;Normale;Sufficiente;Sufficiente;0;0;0;2;12.4184;41.9139;-1;2;Autovettura privata;In marcia / fermata / arresto;Conducente;F;Illeso;0;;Non accertato;Inesploso
4017523;5;02/10/2018 18:00:00;Strada Urbana;VIA DI GROTTA DI GREGNA;all'intersezione con;VIA COLLATINA VECCHIA;VIA COLLATINA VECCHIA;;;Veicolo in marcia contro ostacolo accidentale;Incrocio;Una carreggiata a doppio senso;Asciutto;Asfaltata;Assente;Sereno;Intenso;Buona;Sufficiente;1;0;0;0;12.5659;41.9052;-1;1;Motociclo a solo;In marcia / fermata / arresto;Conducente;M;Rimandato;0;NON DECEDUTO;Non accertato;
4017524;8;02/10/2018 09:15:00;Strada Urbana;VIA CASILINA;in corrispondenza;;del civico n.;1761/A;;Scontro laterale fra veicoli in marcia;Rettilineo;Una carreggiata a doppio senso;Asciutto;Asfaltata;Verticale ed orizzontale;Sereno;Normale;Buona;Ore Diurne;0;0;0;4;12.67;41.8644;-1;1;Autovettura privata;In marcia / fermata / arresto;Conducente;F;Illeso;0;;Non accertato;Inesploso
4017524;8;02/10/2018 09:15:00;Strada Urbana;VIA CASILINA;in corrispondenza;;del civico n.;1761/A;;Scontro laterale fra veicoli in marcia;Rettilineo;Una carreggiata a doppio senso;Asciutto;Asfaltata;Verticale ed orizzontale;Sereno;Normale;Buona;Ore Diurne;0;0;0;4;12.67;41.8644;-1;2;Autovettura privata;In marcia / fermata / arresto;Conducente;M;Illeso;0;;Non accertato;Inesploso
4017524;8;02/10/2018 09:15:00;Strada Urbana;VIA CASILINA;in corrispondenza;;del civico n.;1761/A;;Scontro laterale fra veicoli in marcia;Rettilineo;Una carreggiata a doppio senso;Asciutto;Asfaltata;Verticale ed orizzontale;Sereno;Normale;Buona;Ore Diurne;0;0;0;4;12.67;41.8644;-1;2;Autovettura privata;In marcia / fermata / arresto;Passeggero;F;Illeso;0;;Non accertato;Inesploso
4017524;8;02/10/2018 09:15:00;Strada Urbana;VIA CASILINA;in corrispondenza;;del civico n.;1761/A;;Scontro laterale fra veicoli in marcia;Rettilineo;Una carreggiata a doppio senso;Asciutto;Asfaltata;Verticale ed orizzontale;Sereno;Normale;Buona;Ore Diurne;0;0;0;4;12.67;41.8644;-1;2;Autovettura privata;In marcia / fermata / arresto;Passeggero;M;Illeso;0;;Non accertato;Inesploso
4017525;19;02/10/2018 22:30:00;Strada Urbana;VIA TRIONFALE;in prossimità;;del palo luce n.;90;;Scontro laterale fra veicoli in marcia;Rettilineo;Una carreggiata a doppio senso;Asciutto;Asfaltata;Orizzontale;Sereno;Scarso;Buona;Sufficiente;1;0;0;1;12.4229;41.9409;-1;1;Autovettura privata;In marcia / fermata / arresto;Conducente;F;Illeso;0;;Non accertato;Inesploso
4017525;19;02/10/2018 22:30:00;Strada Urbana;VIA TRIONFALE;in prossimità;;del palo luce n.;90;;Scontro laterale fra veicoli in marcia;Rettilineo;Una carreggiata a doppio senso;Asciutto;Asfaltata;Orizzontale;Sereno;Scarso;Buona;Sufficiente;1;0;0;1;12.4229;41.9409;-1;2;Motociclo a solo;In marcia / fermata / arresto;Conducente;M;Rimandato;0;NON DECEDUTO;;
4017534;8;02/10/2018 08:20:00;Strada Urbana;VIA MANDANICI;all'intersezione con;VIA SAVOCA;VIA SAVOCA;;;Scontro frontale fra veicoli in marcia;Incrocio;Una carreggiata a doppio senso;Asciutto;Asfaltata;Verticale;Nuvoloso;Normale;Buona;Ore Diurne;1;0;0;1;12.683;41.8685;-1;1;Autovettura privata;In marcia / fermata / arresto;Conducente;F;Illeso;0;;Non accertato;Inesploso
4017534;8;02/10/2018 08:20:00;Strada Urbana;VIA MANDANICI;all'intersezione con;VIA SAVOCA;VIA SAVOCA;;;Scontro frontale fra veicoli in marcia;Incrocio;Una carreggiata a doppio senso;Asciutto;Asfaltata;Verticale;Nuvoloso;Normale;Buona;Ore Diurne;1;0;0;1;12.683;41.8685;-1;2;Motociclo a solo;In marcia / fermata / arresto;Conducente;M;Ricoverato;0;NON DECEDUTO;Non accertato;
4017542;6;03/10/2018 07:25:00;Strada Urbana;VIA DEGLI ANGELI;in corrispondenza;;del civico n.;105;;Tamponamento Multiplo;Rettilineo;Una carreggiata a doppio senso;Asciutto;Asfaltata;Orizzontale;Sereno;Intenso;Buona;Ore Diurne;3;0;0;1;12.544;41.8724;-1;1;Autovettura privata;In marcia / fermata / arresto;Conducente;F;Rifiuta cure immediate;0;NON DECEDUTO;Non accertato;Inesploso
4017542;6;03/10/2018 07:25:00;Strada Urbana;VIA DEGLI ANGELI;in corrispondenza;;del civico n.;105;;Tamponamento Multiplo;Rettilineo;Una carreggiata a doppio senso;Asciutto;Asfaltata;Orizzontale;Sereno;Intenso;Buona;Ore Diurne;3;0;0;1;12.544;41.8724;-1;2;Autovettura privata;In marcia / fermata / arresto;Conducente;M;Rifiuta cure immediate;0;NON DECEDUTO;Utilizzato;Inesploso
4017542;6;03/10/2018 07:25:00;Strada Urbana;VIA DEGLI ANGELI;in corrispondenza;;del civico n.;105;;Tamponamento Multiplo;Rettilineo;Una carreggiata a doppio senso;Asciutto;Asfaltata;Orizzontale;Sereno;Intenso;Buona;Ore Diurne;3;0;0;1;12.544;41.8724;-1;3;Autocarro inferiore 35 q.;In marcia / fermata / arresto;Conducente;M;Rifiuta cure immediate;0;NON DECEDUTO;Non accertato;Inesploso
4017542;6;03/10/2018 07:25:00;Strada Urbana;VIA DEGLI ANGELI;in corrispondenza;;del civico n.;105;;Tamponamento Multiplo;Rettilineo;Una carreggiata a doppio senso;Asciutto;Asfaltata;Orizzontale;Sereno;Intenso;Buona;Ore Diurne;3;0;0;1;12.544;41.8724;-1;4;Autovettura privata;In marcia / fermata / arresto;Conducente;M;Illeso;0;;Non accertato;Inesploso
4017543;5;02/10/2018 16:00:00;Strada Urbana;VIA DEL BADILE;da specificare;;;;all'altezza del civico 16;Tamponamento;Rettilineo;Una carreggiata a senso unico di marcia;Asciutto;Asfaltata;Verticale ed orizzontale;Sereno;Scarso;Sufficiente;Ore Diurne;0;0;0;2;12.5622;41.9133;-1;1;Autovettura privata;In marcia / fermata / arresto;Conducente;F;Illeso;0;;Non accertato;Inesploso
4017543;5;02/10/2018 16:00:00;Strada Urbana;VIA DEL BADILE;da specificare;;;;all'altezza del civico 16;Tamponamento;Rettilineo;Una carreggiata a senso unico di marcia;Asciutto;Asfaltata;Verticale ed orizzontale;Sereno;Scarso;Sufficiente;Ore Diurne;0;0;0;2;12.5622;41.9133;-1;2;Autovettura privata;In marcia / fermata / arresto;Conducente;F;Illeso;0;;Non accertato;Inesploso
4017545;5;02/10/2018 21:10:00;Strada Urbana;PIAZZA TOMMASO DE CRISTOFORIS;in prossimità;;del civico n.;1;;Infortunio per sola frenata improvvisa;Rotatoria;Una carreggiata a senso unico alternato;Asciutto;Asfaltata;Assente;Sereno;Normale;Sufficiente;Sufficiente;1;0;0;0;12.5343;41.8999;-1;1;Motociclo a solo;In marcia / fermata / arresto;Conducente;F;Rimandato;0;NON DECEDUTO;Non accertato;
4017547;18;02/10/2018 12:45:00;Strada Urbana;VIA DI VAL CANNUTA;all'intersezione con;VIA ENRICO DE OSSO';VIA ENRICO DE OSSO';;;Scontro laterale fra veicoli in marcia;Incrocio;Una carreggiata a doppio senso;Asciutto;Asfaltata;Verticale ed orizzontale;Sereno;Normale;Buona;Ore Diurne;0;0;0;2;12.4103;41.897;-1;1;Autovettura privata;In marcia / fermata / arresto;Conducente;M;Illeso;0;;Non accertato;Inesploso
4017547;18;02/10/2018 12:45:00;Strada Urbana;VIA DI VAL CANNUTA;all'intersezione con;VIA ENRICO DE OSSO';VIA ENRICO DE OSSO';;;Scontro laterale fra veicoli in marcia;Incrocio;Una carreggiata a doppio senso;Asciutto;Asfaltata;Verticale ed orizzontale;Sereno;Normale;Buona;Ore Diurne;0;0;0;2;12.4103;41.897;-1;2;Autovettura privata;In marcia / fermata / arresto;Conducente;F;Illeso;0;;Non accertato;Inesploso
4017548;8;02/10/2018 16:30:00;Strada Urbana;VIA CASILINA;in prossimità;;del civico n.;1888/F;;Scontro frontale/laterale SX fra veicoli in marcia;Rettilineo;Una carreggiata a doppio senso;Asciutto;Asfaltata;Verticale ed orizzontale;Sereno;Intenso;Buona;Ore Diurne;1;0;0;1;12.6898;41.8631;-1;1;Autovettura privata;In marcia / fermata / arresto;Conducente;M;Illeso;0;;Non accertato;Inesploso
4017548;8;02/10/2018 16:30:00;Strada Urbana;VIA CASILINA;in prossimità;;del civico n.;1888/F;;Scontro frontale/laterale SX fra veicoli in marcia;Rettilineo;Una carreggiata a doppio senso;Asciutto;Asfaltata;Verticale ed orizzontale;Sereno;Intenso;Buona;Ore Diurne;1;0;0;1;12.6898;41.8631;-1;2;Motociclo a solo;In marcia / fermata / arresto;Conducente;M;Rimandato;0;NON DECEDUTO;Non accertato;
4017556;8;02/10/2018 07:30:00;Strada Urbana;VIA DI PRATAPORCI;all'intersezione con;VIA DEL PADIGLIONE;VIA DEL PADIGLIONE;;;Scontro frontale/laterale SX fra veicoli in marcia;Incrocio;Una carreggiata a doppio senso;Asciutto;Asfaltata;Verticale ed orizzontale;Sereno;Normale;Buona;Ore Diurne;0;0;0;3;12.6847;41.8545;-1;1;Autovettura privata;In marcia / fermata / arresto;Conducente;M;Illeso;0;;Non accertato;Inesploso
4017556;8;02/10/2018 07:30:00;Strada Urbana;VIA DI PRATAPORCI;all'intersezione con;VIA DEL PADIGLIONE;VIA DEL PADIGLIONE;;;Scontro frontale/laterale SX fra veicoli in marcia;Incrocio;Una carreggiata a doppio senso;Asciutto;Asfaltata;Verticale ed orizzontale;Sereno;Normale;Buona;Ore Diurne;0;0;0;3;12.6847;41.8545;-1;1;Autovettura privata;In marcia / fermata / arresto;Passeggero;F;Illeso;0;;Non accertato;Inesploso
4017556;8;02/10/2018 07:30:00;Strada Urbana;VIA DI PRATAPORCI;all'intersezione con;VIA DEL PADIGLIONE;VIA DEL PADIGLIONE;;;Scontro frontale/laterale SX fra veicoli in marcia;Incrocio;Una carreggiata a doppio senso;Asciutto;Asfaltata;Verticale ed orizzontale;Sereno;Normale;Buona;Ore Diurne;0;0;0;3;12.6847;41.8545;-1;2;Motociclo a solo;In marcia / fermata / arresto;Conducente;M;Illeso;0;;Non accertato;
4017559;6;03/10/2018 01:30:00;Strada Urbana;VIA PRENESTINA;in corrispondenza;;del civico n.;17;;Veicolo in marcia contro veicolo in sosta;Rettilineo;Più di due carreggiate;Asciutto;Asfaltata;Orizzontale;Sereno;Scarso;Sufficiente;Sufficiente;0;0;0;1;12.5177;41.8917;-1;1;Autovettura privata;In marcia / fermata / arresto;Conducente;M;Illeso;0;;Non accertato;Esploso
4017564;20;02/10/2018 10:20:00;Regionale entro l'abitato;VIA CASSIA;in prossimità;;del civico n.;22;;Tamponamento;Rettilineo;Una carreggiata a senso unico di marcia;Asciutto;Asfaltata;Orizzontale;Sereno;Normale;Buona;Ore Diurne;0;0;0;1;12.4662;41.9391;-1;1;Autovettura pubblica;In marcia / fermata / arresto;Conducente;M;Illeso;0;;;
4017568;13;02/10/2018 19:50:00;Strada Urbana;VIALE DEI ROMAGNOLI;all'intersezione con;VIA GASTONE MASPERO;VIA GASTONE MASPERO;;;Scontro frontale fra veicoli in marcia;Incrocio;Una carreggiata a doppio senso;Asciutto;Asfaltata;Verticale ed orizzontale;Nuvoloso;Normale;Sufficiente;Insufficiente;0;0;0;3;12.3224;41.7691;-1;1;Autovettura privata;In marcia / fermata / arresto;Conducente;F;Illeso;0;;Non accertato;Inesploso
4017568;13;02/10/2018 19:50:00;Strada Urbana;VIALE DEI ROMAGNOLI;all'intersezione con;VIA GASTONE MASPERO;VIA GASTONE MASPERO;;;Scontro frontale fra veicoli in marcia;Incrocio;Una carreggiata a doppio senso;Asciutto;Asfaltata;Verticale ed orizzontale;Nuvoloso;Normale;Sufficiente;Insufficiente;0;0;0;3;12.3224;41.7691;-1;2;Autocarro inferiore 35 q.;In marcia / fermata / arresto;Conducente;M;Illeso;0;;Non accertato;Inesploso
4017568;13;02/10/2018 19:50:00;Strada Urbana;VIALE DEI ROMAGNOLI;all'intersezione con;VIA GASTONE MASPERO;VIA GASTONE MASPERO;;;Scontro frontale fra veicoli in marcia;Incrocio;Una carreggiata a doppio senso;Asciutto;Asfaltata;Verticale ed orizzontale;Nuvoloso;Normale;Sufficiente;Insufficiente;0;0;0;3;12.3224;41.7691;-1;2;Autocarro inferiore 35 q.;In marcia / fermata / arresto;Passeggero;M;Illeso;0;;;
4017593;20;02/10/2018 12:20:00;Strada Urbana;VIALE DI TOR DI QUINTO;in prossimità;;del civico n.;117;;Scontro laterale fra veicoli in marcia;Curva a visuale libera;Più di due carreggiate;Asciutto;Asfaltata;Orizzontale;Sereno;Normale;Buona;Ore Diurne;0;0;0;2;12.4863;41.9467;-1;1;Autocarro inferiore 35 q.;In marcia / fermata / arresto;Conducente;M;Illeso;0;;;
4017593;20;02/10/2018 12:20:00;Strada Urbana;VIALE DI TOR DI QUINTO;in prossimità;;del civico n.;117;;Scontro laterale fra veicoli in marcia;Curva a visuale libera;Più di due carreggiate;Asciutto;Asfaltata;Orizzontale;Sereno;Normale;Buona;Ore Diurne;0;0;0;2;12.4863;41.9467;-1;2;Autovettura privata;In marcia / fermata / arresto;Conducente;M;Illeso;0;;;
4017601;18;02/10/2018 17:00:00;Strada Urbana;VIA DELLA MAGLIANELLA;all'intersezione con;VIA RISERVA DELLA TORRETTA;VIA RISERVA DELLA TORRETTA;;;Scontro frontale/laterale SX fra veicoli in marcia;Intersezione non regolata/non segnalata;Una carreggiata a doppio senso;Asciutto;Asfaltata;Verticale ed orizzontale;Sereno;Normale;Buona;Ore Diurne;0;0;0;2;12.3787;41.9013;-1;1;Autovettura privata;In marcia / fermata / arresto;Conducente;M;Illeso;0;;;
4017601;18;02/10/2018 17:00:00;Strada Urbana;VIA DELLA MAGLIANELLA;all'intersezione con;VIA RISERVA DELLA TORRETTA;VIA RISERVA DELLA TORRETTA;;;Scontro frontale/laterale SX fra veicoli in marcia;Intersezione non regolata/non segnalata;Una carreggiata a doppio senso;Asciutto;Asfaltata;Verticale ed orizzontale;Sereno;Normale;Buona;Ore Diurne;0;0;0;2;12.3787;41.9013;-1;2;Autovettura privata;In marcia / fermata / arresto;Conducente;M;Illeso;0;;;
4017607;20;03/10/2018 07:50:00;Regionale entro l'abitato;VIA FLAMINIA;all'intersezione con;VIA DI QUARTO PEPERINO;VIA DI QUARTO PEPERINO;;;Scontro frontale/laterale SX fra veicoli in marcia;Incrocio;Due carreggiate;Asciutto;Asfaltata;Verticale ed orizzontale;Nuvoloso;Intenso;Buona;Ore Diurne;1;0;0;1;12.4718;41.9419;-1;1;Motociclo a solo;In marcia / fermata / arresto;Conducente;M;Rimandato;0;NON DECEDUTO;Utilizzato;
4017607;20;03/10/2018 07:50:00;Regionale entro l'abitato;VIA FLAMINIA;all'intersezione con;VIA DI QUARTO PEPERINO;VIA DI QUARTO PEPERINO;;;Scontro frontale/laterale SX fra veicoli in marcia;Incrocio;Due carreggiate;Asciutto;Asfaltata;Verticale ed orizzontale;Nuvoloso;Intenso;Buona;Ore Diurne;1;0;0;1;12.4718;41.9419;-1;2;Autovettura privata;In marcia / fermata / arresto;Conducente;M;Illeso;0;;Non accertato;Inesploso
4017614;20;02/10/2018 08:20:00;Strada Urbana;VIA PASQUALE ALTAVILLA;all'intersezione con;VIA CASSIA;VIA CASSIA;;;Scontro laterale fra veicoli in marcia;Incrocio;Una carreggiata a doppio senso;Asciutto;Asfaltata;Verticale ed orizzontale;Sereno;Intenso;Buona;Ore Diurne;0;0;0;3;12.3755;42.0194;-1;1;Autovettura privata;In marcia / fermata / arresto;Conducente;M;Illeso;0;;Non accertato;
4017614;20;02/10/2018 08:20:00;Strada Urbana;VIA PASQUALE ALTAVILLA;all'intersezione con;VIA CASSIA;VIA CASSIA;;;Scontro laterale fra veicoli in marcia;Incrocio;Una carreggiata a doppio senso;Asciutto;Asfaltata;Verticale ed orizzontale;Sereno;Intenso;Buona;Ore Diurne;0;0;0;3;12.3755;42.0194;-1;2;Autovettura privata;In marcia / fermata / arresto;Conducente;F;Illeso;0;;Non accertato;
4017614;20;02/10/2018 08:20:00;Strada Urbana;VIA PASQUALE ALTAVILLA;all'intersezione con;VIA CASSIA;VIA CASSIA;;;Scontro laterale fra veicoli in marcia;Incrocio;Una carreggiata a doppio senso;Asciutto;Asfaltata;Verticale ed orizzontale;Sereno;Intenso;Buona;Ore Diurne;0;0;0;3;12.3755;42.0194;-1;2;Autovettura privata;In marcia / fermata / arresto;Passeggero;F;Illeso;0;;Non accertato;
4017626;13;02/10/2018 16:10:00;Strada Urbana;VIA DEL MARE;da specificare;;;;pross. via Gente Salinatoria;Tamponamento;Curva a visuale libera;Una carreggiata a senso unico di marcia;Asciutto;Asfaltata;Assente;Sereno;Intenso;Buona;Ore Diurne;0;0;0;2;12.3035;41.7603;-1;1;Autovettura privata;In marcia / fermata / arresto;Conducente;M;Illeso;0;;Non accertato;Inesploso