Protocollo;Gruppo;DataOraIncidente;Localizzazione1;STRADA1;Localizzazione2;STRADA2;Strada02;Chilometrica;DaSpecificare;NaturaIncidente;particolaritastrade;TipoStrada;FondoStradale;Pavimentazione;Segnaletica;CondizioneAtmosferica;Traffico;Visibilita;Illuminazione;NUM_FERITI;NUM_RISERVATA;NUM_MORTI;NUM_ILLESI;Longitudine;Latitudine;Confermato;Progressivo;TipoVeicolo;StatoVeicolo;TipoPersona;Sesso;Tipolesione;Deceduto;DecedutoDopo;CinturaCascoUtilizzato;Airbag;
4025572;4;05/10/2018 12:15:00;Strada Urbana;VIA SERGIO TOFANO;in prossimità;;del civico n.;95;;Veicolo in marcia contro veicolo in sosta;Rettilineo;Una carreggiata a doppio senso;Asciutto;Asfaltata;Verticale;Nuvoloso;Scarso;Buona;Ore Diurne;0;0;0;1;12.533;41.9607;-1;2;Autocarro inferiore 35 q.;In marcia / fermata / arresto;Conducente;M;Illeso;0;;Non accertato;
4025574;7;07/10/2018 00:30:00;Strada Urbana;VIA CASILINA;in corrispondenza;;del civico n.;1606;;Scontro frontale/laterale SX fra veicoli in marcia;Curva a visuale libera;Una carreggiata a doppio senso;Bagnato (pioggia);Asfaltata;Orizzontale;Nuvoloso;Scarso;Buona;Sufficiente;3;0;0;2;12.6376;41.863;-1;1;Autovettura privata;In marcia / fermata / arresto;Conducente;F;Rimandato;0;NON DECEDUTO;Non accertato;Esploso
4025574;7;07/10/2018 00:30:00;Strada Urbana;VIA CASILINA;in corrispondenza;;del civico n.;1606;;Scontro frontale/laterale SX fra veicoli in marcia;Curva a visuale libera;Una carreggiata a doppio senso;Bagnato (pioggia);Asfaltata;Orizzontale;Nuvoloso;Scarso;Buona;Sufficiente;3;0;0;2;12.6376;41.863;-1;1;Autovettura privata;In marcia / fermata / arresto;Passeggero;M;Rimandato;0;NON DECEDUTO;Non accertato;Inesploso
4025574;7;07/10/2018 00:30:00;Strada Urbana;VIA CASILINA;in corrispondenza;;del civico n.;1606;;Scontro frontale/laterale SX fra veicoli in marcia;Curva a visuale libera;Una carreggiata a doppio senso;Bagnato (pioggia);Asfaltata;Orizzontale;Nuvoloso;Scarso;Buona;Sufficiente;3;0;0;2;12.6376;41.863;-1;1;Autovettura privata;In marcia / fermata / arresto;Passeggero;F;Rimandato;0;NON DECEDUTO;Non accertato;Esploso
4025574;7;07/10/2018 00:30:00;Strada Urbana;VIA CASILINA;in corrispondenza;;del civico n.;1606;;Scontro frontale/laterale SX fra veicoli in marcia;Curva a visuale libera;Una carreggiata a doppio senso;Bagnato (pioggia);Asfaltata;Orizzontale;Nuvoloso;Scarso;Buona;Sufficiente;3;0;0;2;12.6376;41.863;-1;2;Autovettura privata;In marcia / fermata / arresto;Conducente;M;Illeso;0;;Non accertato;Inesploso
4025574;7;07/10/2018 00:30:00;Strada Urbana;VIA CASILINA;in corrispondenza;;del civico n.;1606;;Scontro frontale/laterale SX fra veicoli in marcia;Curva a visuale libera;Una carreggiata a doppio senso;Bagnato (pioggia);Asfaltata;Orizzontale;Nuvoloso;Scarso;Buona;Sufficiente;3;0;0;2;12.6376;41.863;-1;2;Autovettura privata;In marcia / fermata / arresto;Passeggero;M;Illeso;0;;Non accertato;Inesploso
4025584;19;06/10/2018 19:10:00;Strada Urbana;GALLERIA GIOVANNI XXIII;in corrispondenza;;della chilometrica;0.6;;Fuoriuscita dalla sede stradale;Galleria illuminata;Una carreggiata a senso unico di marcia;Bagnato (umidità in atto);Asfaltata;Orizzontale;Nuvoloso;Normale;Buona;Sufficiente;1;0;0;2;12.4411;41.9404;-1;1;Autovettura privata;In marcia / fermata / arresto;Conducente;F;Illeso;0;;Non accertato;Inesploso
4025584;19;06/10/2018 19:10:00;Strada Urbana;GALLERIA GIOVANNI XXIII;in corrispondenza;;della chilometrica;0.6;;Fuoriuscita dalla sede stradale;Galleria illuminata;Una carreggiata a senso unico di marcia;Bagnato (umidità in atto);Asfaltata;Orizzontale;Nuvoloso;Normale;Buona;Sufficiente;1;0;0;2;12.4411;41.9404;-1;1;Autovettura privata;In marcia / fermata / arresto;Passeggero;F;Illeso;0;;Non accertato;Inesploso
4025584;19;06/10/2018 19:10:00;Strada Urbana;GALLERIA GIOVANNI XXIII;in corrispondenza;;della chilometrica;0.6;;Fuoriuscita dalla sede stradale;Galleria illuminata;Una carreggiata a senso unico di marcia;Bagnato (umidità in atto);Asfaltata;Orizzontale;Nuvoloso;Normale;Buona;Sufficiente;1;0;0;2;12.4411;41.9404;-1;1;Autovettura privata;In marcia / fermata / arresto;Passeggero;F;Rimandato;0;NON DECEDUTO;Non accertato;Inesploso
4025586;23;07/10/2018 05:00:00;Comunale extraurbana;VIA CRISTOFORO COLOMBO;all'intersezione semaforizzata con;VIA DI ACILIA;VIA DI ACILIA;;;Veicolo in marcia contro ostacolo fisso;Intersezione semaforizzata;Più di due carreggiate;Bagnato (umidità in atto);Asfaltata;Verticale ed orizzontale;Nuvoloso;Scarso;Sufficiente;Sufficiente;1;0;0;0;12.3834;41.7651;-1;1;Autovettura privata;In marcia / fermata / arresto;Conducente;M;Rimandato;0;NON DECEDUTO;Non accertato;Esploso
4025590;4;06/10/2018 20:00:00;Strada Urbana;VIALE VAL PADANA;in corrispondenza;;del civico n.;131;;Veicolo in marcia contro veicolo fermo;Rettilineo;Due carreggiate;Bagnato (pioggia);Asfaltata;Verticale ed orizzontale;Pioggia in atto;Scarso;Sufficiente;Sufficiente;2;0;0;1;12.5214;41.9436;-1;1;Autovettura privata;In marcia / fermata / arresto;Conducente;M;Rimandato;0;NON DECEDUTO;;
4025590;4;06/10/2018 20:00:00;Strada Urbana;VIALE VAL PADANA;in corrispondenza;;del civico n.;131;;Veicolo in marcia contro veicolo fermo;Rettilineo;Due carreggiate;Bagnato (pioggia);Asfaltata;Verticale ed orizzontale;Pioggia in atto;Scarso;Sufficiente;Sufficiente;2;0;0;1;12.5214;41.9436;-1;2;Autovettura privata;In marcia / fermata / arresto;Conducente;M;Illeso;0;;;
4025590;4;06/10/2018 20:00:00;Strada Urbana;VIALE VAL PADANA;in corrispondenza;;del civico n.;131;;Veicolo in marcia contro veicolo fermo;Rettilineo;Due carreggiate;Bagnato (pioggia);Asfaltata;Verticale ed orizzontale;Pioggia in atto;Scarso;Sufficiente;Sufficiente;2;0;0;1;12.5214;41.9436;-1;2;Autovettura privata;In marcia / fermata / arresto;Passeggero;F;Rifiuta cure immediate;0;NON DECEDUTO;;
4025594;12;06/10/2018 15:30:00;Provinciale;VIA DI PRATICA;da specificare;;;;PROSS. VIA DELLA COMUNELLA DIR. VIA PONTINA;Fuoriuscita dalla sede stradale;Rettilineo;Una carreggiata a doppio senso;Bagnato (pioggia);Asfaltata;Verticale ed orizzontale;Pioggia in atto;Normale;Sufficiente;Ore Diurne;1;0;0;0;12.446;41.6886;-1;1;Autovettura privata;In marcia / fermata / arresto;Conducente;M;Rimandato;0;NON DECEDUTO;Non accertato;Esploso
4025607;5;06/10/2018 19:00:00;Strada Urbana;NUOVA CIRCONVALLAZIONE INTERNA;da specificare;;;;DIR SAN GIOVANNI A CIRCA 50 MT USCITA MONTI TIBURT;Veicolo in marcia contro ostacolo fisso;Rettilineo;Una carreggiata a senso unico di marcia;Asciutto;Asfaltata;Verticale ed orizzontale;Sereno;Normale;Buona;Sufficiente;0;0;0;1;12.529;41.9172;-1;1;Autovettura privata;In marcia / fermata / arresto;Conducente;F;Illeso;0;;Non accertato;
4025617;5;08/10/2018 08:50:00;Strada Urbana;VIA TIBURTINA;da specificare;;;;in prossimità di VIA DI SETTECAMINI;Scontro laterale fra veicoli in marcia;Rettilineo;Due carreggiate;Asciutto;Asfaltata;Verticale ed orizzontale;Sereno;Intenso;Buona;Ore Diurne;0;0;0;2;12.6212;41.938;-1;1;Autovettura privata;In marcia / fermata / arresto;Conducente;F;Illeso;0;;Non accertato;Inesploso
4025617;5;08/10/2018 08:50:00;Strada Urbana;VIA TIBURTINA;da specificare;;;;in prossimità di VIA DI SETTECAMINI;Scontro laterale fra veicoli in marcia;Rettilineo;Due carreggiate;Asciutto;Asfaltata;Verticale ed orizzontale;Sereno;Intenso;Buona;Ore Diurne;0;0;0;2;12.6212;41.938;-1;2;Autotreno;In marcia / fermata / arresto;Conducente;M;Illeso;0;;Non accertato;Inesploso
4025627;19;07/10/2018 01:00:00;Strada Urbana;VIA ENRICO PESTALOZZI;in corrispondenza;;del civico n.;32;;Investimento di pedone;Rettilineo;Una carreggiata a senso unico di marcia;Bagnato (umidità in atto);Asfaltata;Verticale ed orizzontale;Nuvoloso;Scarso;Buona;Sufficiente;2;0;0;0;12.4258;41.9362;-1;;;;Pedone;M;Rimandato;0;NON DECEDUTO;;
4025627;19;07/10/2018 01:00:00;Strada Urbana;VIA ENRICO PESTALOZZI;in corrispondenza;;del civico n.;32;;Investimento di pedone;Rettilineo;Una carreggiata a senso unico di marcia;Bagnato (umidità in atto);Asfaltata;Verticale ed orizzontale;Nuvoloso;Scarso;Buona;Sufficiente;2;0;0;0;12.4258;41.9362;-1;1;Autovettura privata;In marcia / fermata / arresto;Conducente;M;Rimandato;0;NON DECEDUTO;Non accertato;Inesploso
4025629;4;06/10/2018 00:15:00;Strada Urbana;VIA DEI PRATI FISCALI;in corrispondenza;;del civico n.;269;;Scontro laterale fra veicoli in marcia;Curva a visuale libera;Due carreggiate;Bagnato (pioggia);Asfaltata;Verticale ed orizzontale;Pioggia in atto;Scarso;Sufficiente;Sufficiente;0;0;0;5;12.5148;41.9457;-1;1;Autovettura privata;In marcia / fermata / arresto;Conducente;M;Illeso;0;;;
4025629;4;06/10/2018 00:15:00;Strada Urbana;VIA DEI PRATI FISCALI;in corrispondenza;;del civico n.;269;;Scontro laterale fra veicoli in marcia;Curva a visuale libera;Due carreggiate;Bagnato (pioggia);Asfaltata;Verticale ed orizzontale;Pioggia in atto;Scarso;Sufficiente;Sufficiente;0;0;0;5;12.5148;41.9457;-1;1;Autovettura privata;In marcia / fermata / arresto;Passeggero;F;Illeso;0;;;
4025629;4;06/10/2018 00:15:00;Strada Urbana;VIA DEI PRATI FISCALI;in corrispondenza;;del civico n.;269;;Scontro laterale fra veicoli in marcia;Curva a visuale libera;Due carreggiate;Bagnato (pioggia);Asfaltata;Verticale ed orizzontale;Pioggia in atto;Scarso;Sufficiente;Sufficiente;0;0;0;5;12.5148;41.9457;-1;1;Autovettura privata;In marcia / fermata / arresto;Passeggero;F;Illeso;0;;;
4025629;4;06/10/2018 00:15:00;Strada Urbana;VIA DEI PRATI FISCALI;in corrispondenza;;del civico n.;269;;Scontro laterale fra veicoli in marcia;Curva a visuale libera;Due carreggiate;Bagnato (pioggia);Asfaltata;Verticale ed orizzontale;Pioggia in atto;Scarso;Sufficiente;Sufficiente;0;0;0;5;12.5148;41.9457;-1;2;Autovettura privata;In marcia / fermata / arresto;Conducente;M;Illeso;0;;;
4025629;4;06/10/2018 00:15:00;Strada Urbana;VIA DEI PRATI FISCALI;in corrispondenza;;del civico n.;269;;Scontro laterale fra veicoli in marcia;Curva a visuale libera;Due carreggiate;Bagnato (pioggia);Asfaltata;Verticale ed orizzontale;Pioggia in atto;Scarso;Sufficiente;Sufficiente;0;0;0;5;12.5148;41.9457;-1;2;Autovettura privata;In marcia / fermata / arresto;Passeggero;F;Illeso;0;;;
4025640;17;06/10/2018 11:55:00;Strada Urbana;VIALE DELLO STADIO OLIMPICO;da specificare;;;;in prossimità del civico 16 dopo 45 mt. circa.;Veicolo in marcia contro ostacolo fisso;Curva a visuale libera;Una carreggiata a senso unico di marcia;Bagnato (pioggia);Asfaltata;Verticale ed orizzontale;Pioggia in atto;Normale;Buona;Ore Diurne;0;0;0;1;12.4541;41.9301;-1;1;Autovettura privata;In marcia / fermata / arresto;Conducente;F;Illeso;0;;Non accertato;Inesploso
4025641;18;06/10/2018 21:00:00;Strada Urbana;VIA DI BOCCEA;all'intersezione con;VIA DI SELVA CANDIDA;VIA DI SELVA CANDIDA;;;Scontro frontale/laterale SX fra veicoli in marcia;Intersezione stradale segnalata;Una carreggiata a doppio senso;Bagnato (pioggia);Asfaltata;Verticale ed orizzontale;Pioggia in atto;Normale;Sufficiente;Sufficiente;0;0;0;2;12.3847;41.9149;-1;1;Autovettura privata;In marcia / fermata / arresto;Conducente;M;Illeso;0;;;
4025641;18;06/10/2018 21:00:00;Strada Urbana;VIA DI BOCCEA;all'intersezione con;VIA DI SELVA CANDIDA;VIA DI SELVA CANDIDA;;;Scontro frontale/laterale SX fra veicoli in marcia;Intersezione stradale segnalata;Una carreggiata a doppio senso;Bagnato (pioggia);Asfaltata;Verticale ed orizzontale;Pioggia in atto;Normale;Sufficiente;Sufficiente;0;0;0;2;12.3847;41.9149;-1;2;Autovettura privata;In marcia / fermata / arresto;Conducente;M;Illeso;0;;;
4025672;4;05/10/2018 19:50:00;Strada Urbana;VIA TINA DI LORENZO;da specificare;;;;pross. L.GO C. BASEGGIO;Investimento di pedone;Rettilineo;Una carreggiata a senso unico di marcia;Bagnato (umidità in atto);Asfaltata;Orizzontale;Nuvoloso;Scarso;Sufficiente;Sufficiente;1;0;0;5;12.531;41.968;-1;;;;Pedone;M;Rimandato;0;NON DECEDUTO;;
4025672;4;05/10/2018 19:50:00;Strada Urbana;VIA TINA DI LORENZO;da specificare;;;;pross. L.GO C. BASEGGIO;Investimento di pedone;Rettilineo;Una carreggiata a senso unico di marcia;Bagnato (umidità in atto);Asfaltata;Orizzontale;Nuvoloso;Scarso;Sufficiente;Sufficiente;1;0;0;5;12.531;41.968;-1;1;Autovettura privata;In marcia / fermata / arresto;Conducente;M;Illeso;0;;Non accertato;
4025672;4;05/10/2018 19:50:00;Strada Urbana;VIA TINA DI LORENZO;da specificare;;;;pross. L.GO C. BASEGGIO;Investimento di pedone;Rettilineo;Una carreggiata a senso unico di marcia;Bagnato (umidità in atto);Asfaltata;Orizzontale;Nuvoloso;Scarso;Sufficiente;Sufficiente;1;0;0;5;12.531;41.968;-1;2;Autocaravan;Sosta;Passeggero;F;Illeso;0;;Non accertato;
4025672;4;05/10/2018 19:50:00;Strada Urbana;VIA TINA DI LORENZO;da specificare;;;;pross. L.GO C. BASEGGIO;Investimento di pedone;Rettilineo;Una carreggiata a senso unico di marcia;Bagnato (umidità in atto);Asfaltata;Orizzontale;Nuvoloso;Scarso;Sufficiente;Sufficiente;1;0;0;5;12.531;41.968;-1;2;Autocaravan;Sosta;Passeggero;F;Illeso;0;;Non accertato;
4025672;4;05/10/2018 19:50:00;Strada Urbana;VIA TINA DI LORENZO;da specificare;;;;pross. L.GO C. BASEGGIO;Investimento di pedone;Rettilineo;Una carreggiata a senso unico di marcia;Bagnato (umidità in atto);Asfaltata;Orizzontale;Nuvoloso;Scarso;Sufficiente;Sufficiente;1;0;0;5;12.531;41.968;-1;2;Autocaravan;Sosta;Passeggero;M;Illeso;0;;Non accertato;
4025672;4;05/10/2018 19:50:00;Strada Urbana;VIA TINA DI LORENZO;da specificare;;;;pross. L.GO C. BASEGGIO;Investimento di pedone;Rettilineo;Una carreggiata a senso unico di marcia;Bagnato (umidità in atto);Asfaltata;Orizzontale;Nuvoloso;Scarso;Sufficiente;Sufficiente;1;0;0;5;12.531;41.968;-1;2;Autocaravan;Sosta;Passeggero;F;Illeso;0;;Non accertato;
4025684;16;06/10/2018 19:35:00;Strada Urbana;VIA DELLA PISANA;all'intersezione con;VIA MARCELLO PIACENTINI;VIA MARCELLO PIACENTINI;;;Scontro frontale fra veicoli in marcia;Intersezione stradale segnalata;Una carreggiata a doppio senso;Bagnato (pioggia);Asfaltata;Verticale ed orizzontale;Nuvoloso;Scarso;Sufficiente;Sufficiente;0;0;0;4;12.389;41.8577;-1;1;Autovettura privata;In marcia / fermata / arresto;Conducente;M;Illeso;0;;Non accertato;
4025684;16;06/10/2018 19:35:00;Strada Urbana;VIA DELLA PISANA;all'intersezione con;VIA MARCELLO PIACENTINI;VIA MARCELLO PIACENTINI;;;Scontro frontale fra veicoli in marcia;Intersezione stradale segnalata;Una carreggiata a doppio senso;Bagnato (pioggia);Asfaltata;Verticale ed orizzontale;Nuvoloso;Scarso;Sufficiente;Sufficiente;0;0;0;4;12.389;41.8577;-1;1;Autovettura privata;In marcia / fermata / arresto;Passeggero;M;Illeso;0;;Non accertato;
4025684;16;06/10/2018 19:35:00;Strada Urbana;VIA DELLA PISANA;all'intersezione con;VIA MARCELLO PIACENTINI;VIA MARCELLO PIACENTINI;;;Scontro frontale fra veicoli in marcia;Intersezione stradale segnalata;Una carreggiata a doppio senso;Bagnato (pioggia);Asfaltata;Verticale ed orizzontale;Nuvoloso;Scarso;Sufficiente;Sufficiente;0;0;0;4;12.389;41.8577;-1;2;Autovettura privata;In marcia / fermata / arresto;Conducente;M;Illeso;0;;Non accertato;
4025684;16;06/10/2018 19:35:00;Strada Urbana;VIA DELLA PISANA;all'intersezione con;VIA MARCELLO PIACENTINI;VIA MARCELLO PIACENTINI;;;Scontro frontale fra veicoli in marcia;Intersezione stradale segnalata;Una carreggiata a doppio senso;Bagnato (pioggia);Asfaltata;Verticale ed orizzontale;Nuvoloso;Scarso;Sufficiente;Sufficiente;0;0;0;4;12.389;41.8577;-1;2;Autovettura privata;In marcia / fermata / arresto;Passeggero;F;Illeso;0;;Non accertato;
4025691;4;05/10/2018 15:00:00;Strada Urbana;VIA ETTORE ROMAGNOLI;in corrispondenza;;del civico n.;fr 56;;Tamponamento;Rettilineo;Due carreggiate;Asciutto;Asfaltata;Assente;Nuvoloso;Normale;Buona;Ore Diurne;0;0;0;2;12.5468;41.9412;-1;1;Autovettura privata;In marcia / fermata / arresto;Conducente;M;Illeso;0;;Non accertato;
4025691;4;05/10/2018 15:00:00;Strada Urbana;VIA ETTORE ROMAGNOLI;in corrispondenza;;del civico n.;fr 56;;Tamponamento;Rettilineo;Due carreggiate;Asciutto;Asfaltata;Assente;Nuvoloso;Normale;Buona;Ore Diurne;0;0;0;2;12.5468;41.9412;-1;2;Autovettura privata;In marcia / fermata / arresto;Conducente;M;Illeso;0;;Non accertato;Inesploso
4025695;18;06/10/2018 18:30:00;Strada Urbana;VIA DI CASAL SELCE;in corrispondenza;;del civico n.;475;;Scontro frontale/laterale DX fra veicoli in marcia;Rettilineo;Una carreggiata a doppio senso;Bagnato (pioggia);Asfaltata;Orizzontale;Pioggia in atto;Normale;Sufficiente;Ore Diurne;1;0;0;1;12.3534;41.9234;-1;1;Autovettura privata;In marcia / fermata / arresto;Conducente;F;Illeso;0;;;
4025695;18;06/10/2018 18:30:00;Strada Urbana;VIA DI CASAL SELCE;in corrispondenza;;del civico n.;475;;Scontro frontale/laterale DX fra veicoli in marcia;Rettilineo;Una carreggiata a doppio senso;Bagnato (pioggia);Asfaltata;Orizzontale;Pioggia in atto;Normale;Sufficiente;Ore Diurne;1;0;0;1;12.3534;41.9234;-1;2;Motociclo a solo;In marcia / fermata / arresto;Conducente;M;Ricoverato;0;NON DECEDUTO;;
4025697;5;07/10/2018 19:30:00;Strada Urbana;VIA DELLE CASE ROSSE;all'intersezione con;VIALE DEL TECNOPOLO;VIALE DEL TECNOPOLO;;;Investimento di pedone;Incrocio;Due carreggiate;Asciutto;Asfaltata;Verticale ed orizzontale;Nuvoloso;Scarso;Insufficiente;Inesistente;1;0;0;1;12.638;41.9285;-1;;;;Pedone;M;Rimandato;0;NON DECEDUTO;;
4025697;5;07/10/2018 19:30:00;Strada Urbana;VIA DELLE CASE ROSSE;all'intersezione con;VIALE DEL TECNOPOLO;VIALE DEL TECNOPOLO;;;Investimento di pedone;Incrocio;Due carreggiate;Asciutto;Asfaltata;Verticale ed orizzontale;Nuvoloso;Scarso;Insufficiente;Inesistente;1;0;0;1;12.638;41.9285;-1;1;Autovettura privata;In marcia / fermata / arresto;Conducente;M;Illeso;0;;Non accertato;
4025698;16;06/10/2018 10:00:00;Strada Urbana;VIA FRANCESCO MASSI;in prossimità;;del civico n.;6;;Investimento di pedone;Rettilineo;Una carreggiata a doppio senso;Bagnato (pioggia);In cubetti di porfido;Assente;Pioggia in atto;Scarso;Buona;Ore Diurne;1;0;0;1;12.4606;41.8729;-1;;;;Pedone;M;Rimandato;0;NON DECEDUTO;;
4025698;16;06/10/2018 10:00:00;Strada Urbana;VIA FRANCESCO MASSI;in prossimità;;del civico n.;6;;Investimento di pedone;Rettilineo;Una carreggiata a doppio senso;Bagnato (pioggia);In cubetti di porfido;Assente;Pioggia in atto;Scarso;Buona;Ore Diurne;1;0;0;1;12.4606;41.8729;-1;1;Autovettura privata;In marcia / fermata / arresto;Conducente;M;Illeso;0;;Non accertato;Inesploso
4025703;5;07/10/2018 19:35:00;Strada Urbana;VIA FILIPPO FIORENTINI;da specificare;;;;FRONTE VIA ZINCONE;Infortunio per caduta del veicolo;Rettilineo;Due carreggiate;Asciutto;Asfaltata;Verticale ed orizzontale;Sereno;Normale;Buona;Sufficiente;1;0;0;2;12.5561;41.9087;-1;1;Motociclo a solo;In marcia / fermata / arresto;Conducente;M;Rimandato;0;NON DECEDUTO;Non accertato;
4025703;5;07/10/2018 19:35:00;Strada Urbana;VIA FILIPPO FIORENTINI;da specificare;;;;FRONTE VIA ZINCONE;Infortunio per caduta del veicolo;Rettilineo;Due carreggiate;Asciutto;Asfaltata;Verticale ed orizzontale;Sereno;Normale;Buona;Sufficiente;1;0;0;2;12.5561;41.9087;-1;2;Autovettura privata;In marcia / fermata / arresto;Conducente;M;Illeso;0;;Non accertato;
4025703;5;07/10/2018 19:35:00;Strada Urbana;VIA FILIPPO FIORENTINI;da specificare;;;;FRONTE VIA ZINCONE;Infortunio per caduta del veicolo;Rettilineo;Due carreggiate;Asciutto;Asfaltata;Verticale ed orizzontale;Sereno;Normale;Buona;Sufficiente;1;0;0;2;12.5561;41.9087;-1;2;Autovettura privata;In marcia / fermata / arresto;Passeggero;M;Illeso;0;;Non accertato;
4025720;4;05/10/2018 10:10:00;Strada Urbana;VIA ALBERTO LIONELLO;da specificare;;;;parcheggio Porta di Roma -2;Tamponamento;Rettilineo;Una carreggiata a senso unico di marcia;Asciutto;Asfaltata;Verticale ed orizzontale;Nuvoloso;Normale;Buona;Ore Diurne;1;0;0;1;12.5388;41.9752;-1;1;Autovettura privata;In marcia / fermata / arresto;Conducente;F;Illeso;0;;Non accertato;
4025720;4;05/10/2018 10:10:00;Strada Urbana;VIA ALBERTO LIONELLO;da specificare;;;;parcheggio Porta di Roma -2;Tamponamento;Rettilineo;Una carreggiata a senso unico di marcia;Asciutto;Asfaltata;Verticale ed orizzontale;Nuvoloso;Normale;Buona;Ore Diurne;1;0;0;1;12.5388;41.9752;-1;2;Motociclo a solo;In marcia / fermata / arresto;Conducente;M;Rimandato;0;NON DECEDUTO;;
4025724;16;06/10/2018 15:00:00;Strada Urbana;VIA DI BRAVETTA;in corrispondenza;;del civico n.;470;;Tamponamento;Rettilineo;Una carreggiata a doppio senso;Bagnato (pioggia);Asfaltata;Verticale ed orizzontale;Nuvoloso;Normale;Buona;Ore Diurne;2;0;0;3;12.4237;41.8749;-1;1;Autovettura privata;In marcia / fermata / arresto;Conducente;M;Illeso;0;;Non accertato;Inesploso
4025724;16;06/10/2018 15:00:00;Strada Urbana;VIA DI BRAVETTA;in corrispondenza;;del civico n.;470;;Tamponamento;Rettilineo;Una carreggiata a doppio senso;Bagnato (pioggia);Asfaltata;Verticale ed orizzontale;Nuvoloso;Normale;Buona;Ore Diurne;2;0;0;3;12.4237;41.8749;-1;1;Autovettura privata;In marcia / fermata / arresto;Passeggero;F;Illeso;0;;Non accertato;
4025724;16;06/10/2018 15:00:00;Strada Urbana;VIA DI BRAVETTA;in corrispondenza;;del civico n.;470;;Tamponamento;Rettilineo;Una carreggiata a doppio senso;Bagnato (pioggia);Asfaltata;Verticale ed orizzontale;Nuvoloso;Normale;Buona;Ore Diurne;2;0;0;3;12.4237;41.8749;-1;1;Autovettura privata;In marcia / fermata / arresto;Passeggero;M;Rimandato;0;NON DECEDUTO;Non accertato;
4025724;16;06/10/2018 15:00:00;Strada Urbana;VIA DI BRAVETTA;in corrispondenza;;del civico n.;470;;Tamponamento;Rettilineo;Una carreggiata a doppio senso;Bagnato (pioggia);Asfaltata;Verticale ed orizzontale;Nuvoloso;Normale;Buona;Ore Diurne;2;0;0;3;12.4237;41.8749;-1;1;Autovettura privata;In marcia / fermata / arresto;Passeggero;M;Rimandato;0;NON DECEDUTO;Non accertato;
4025724;16;06/10/2018 15:00:00;Strada Urbana;VIA DI BRAVETTA;in corrispondenza;;del civico n.;470;;Tamponamento;Rettilineo;Una carreggiata a doppio senso;Bagnato (pioggia);Asfaltata;Verticale ed orizzontale;Nuvoloso;Normale;Buona;Ore Diurne;2;0;0;3;12.4237;41.8749;-1;2;Autocarro inferiore 35 q.;In marcia / fermata / arresto;Conducente;M;Illeso;0;;Non accertato;
4025733;5;05/10/2018 14:42:00;Strada Urbana;VIA DEL CASALE DI S. BASILIO;all'intersezione con;VIA FABRIANO;VIA FABRIANO;;;Scontro laterale fra veicoli in marcia;Incrocio;Una carreggiata a doppio senso;Asciutto;Asfaltata;Verticale ed orizzontale;Nuvoloso;Normale;Buona;Ore Diurne;0;0;0;2;12.5806;41.9372;-1;1;Autovettura privata;In marcia / fermata / arresto;Conducente;F;Illeso;0;;Non accertato;
4025733;5;05/10/2018 14:42:00;Strada Urbana;VIA DEL CASALE DI S. BASILIO;all'intersezione con;VIA FABRIANO;VIA FABRIANO;;;Scontro laterale fra veicoli in marcia;Incrocio;Una carreggiata a doppio senso;Asciutto;Asfaltata;Verticale ed orizzontale;Nuvoloso;Normale;Buona;Ore Diurne;0;0;0;2;12.5806;41.9372;-1;2;Autovettura privata;In marcia / fermata / arresto;Conducente;M;Illeso;0;;Non accertato;
4025749;4;06/10/2018 08:30:00;Strada Urbana;VIA VIRGILIO TALLI;all'intersezione con;VIA AMALIA BETTINI;VIA AMALIA BETTINI;;;Veicolo in marcia contro ostacolo fisso;Incrocio;Due carreggiate;Bagnato (pioggia);Asfaltata;Verticale ed orizzontale;Pioggia in atto;Normale;Buona;Ore Diurne;0;0;0;1;12.5231;41.9646;-1;1;Autovettura privata;In marcia / fermata / arresto;Conducente;F;Illeso;0;;;
4025753;16;07/10/2018 03:40:00;Strada Urbana;PIAZZETTA DEL BEL RESPIRO;in prossimità;;del palo luce n.;3;;Veicolo in marcia contro ostacolo fisso;Curva senza visuale libera;Una carreggiata a senso unico di marcia;Bagnato (pioggia);Asfaltata;Verticale ed orizzontale;Nuvoloso;Scarso;Sufficiente;Sufficiente;0;0;0;1;12.4411;41.8795;-1;1;Autovettura privata;In marcia / fermata / arresto;Conducente;M;Illeso;0;;Non accertato;
4025761;4;06/10/2018 11:50:00;Strada Urbana;VIA DI CASAL BOCCONE;da specificare;;;;f.c. 98;Fuoriuscita dalla sede stradale;Curva senza visuale libera;Due carreggiate;Bagnato (pioggia);Asfaltata;Verticale ed orizzontale;Pioggia in atto;Scarso;Buona;Ore Diurne;0;0;0;1;12.5572;41.9577;-1;1;Autovettura privata;In marcia / fermata / arresto;Conducente;M;Illeso;0;;;
4025772;17;06/10/2018 09:00:00;Strada Urbana;VIALE VATICANO;in prossimità;;del civico n.;43;;Scontro laterale fra veicoli in marcia;Curva senza visuale libera;Una carreggiata a doppio senso;Bagnato (pioggia);Asfaltata;Verticale ed orizzontale;Pioggia in atto;Normale;Buona;Ore Diurne;0;0;0;2;12.4456;41.902;-1;1;Autovettura pubblica;In marcia / fermata / arresto;Conducente;M;Illeso;0;;;