Protocollo;Gruppo;DataOraIncidente;Localizzazione1;STRADA1;Localizzazione2;STRADA2;Strada02;Chilometrica;DaSpecificare;NaturaIncidente;particolaritastrade;TipoStrada;FondoStradale;Pavimentazione;Segnaletica;CondizioneAtmosferica;Traffico;Visibilita;Illuminazione;NUM_FERITI;NUM_RISERVATA;NUM_MORTI;NUM_ILLESI;Longitudine;Latitudine;Confermato;Progressivo;TipoVeicolo;StatoVeicolo;TipoPersona;Sesso;Tipolesione;Deceduto;DecedutoDopo;CinturaCascoUtilizzato;Airbag;
4032226;12;11/10/2018 16:45:00;Strada Urbana;VIALE ROMOLO MURRI;in prossimità;;del palo luce n.;27;;Veicolo in marcia contro veicolo in sosta;Curva a visuale libera;Una carreggiata a doppio senso;Bagnato (pioggia);Asfaltata;Verticale ed orizzontale;Pioggia in atto;Normale;Buona;Ore Diurne;0;0;0;2;12.4664;41.839;-1;1;Autovettura privata;In marcia / fermata / arresto;Conducente;M;Illeso;0;;Utilizzato;Inesploso
4032226;12;11/10/2018 16:45:00;Strada Urbana;VIALE ROMOLO MURRI;in prossimità;;del palo luce n.;27;;Veicolo in marcia contro veicolo in sosta;Curva a visuale libera;Una carreggiata a doppio senso;Bagnato (pioggia);Asfaltata;Verticale ed orizzontale;Pioggia in atto;Normale;Buona;Ore Diurne;0;0;0;2;12.4664;41.839;-1;1;Autovettura privata;In marcia / fermata / arresto;Passeggero;F;Illeso;0;;Utilizzato;Inesploso
4032227;1;10/10/2018 09:20:00;Strada Urbana;LARGO DI S. SUSANNA;in prossimità;;del civico n.;98;;Scontro laterale fra veicoli in marcia;Rettilineo;Una carreggiata a senso unico di marcia;Asciutto;Asfaltata;Verticale ed orizzontale;Sereno;Normale;Buona;Ore Diurne;0;0;0;2;12.4934;41.9047;-1;1;Motociclo a solo;In marcia / fermata / arresto;Conducente;M;Illeso;0;;Non accertato;
4032227;1;10/10/2018 09:20:00;Strada Urbana;LARGO DI S. SUSANNA;in prossimità;;del civico n.;98;;Scontro laterale fra veicoli in marcia;Rettilineo;Una carreggiata a senso unico di marcia;Asciutto;Asfaltata;Verticale ed orizzontale;Sereno;Normale;Buona;Ore Diurne;0;0;0;2;12.4934;41.9047;-1;2;Autovettura privata;In marcia / fermata / arresto;Conducente;M;Illeso;0;;Non accertato;Inesploso
4032278;1;11/10/2018 12:45:00;Strada Urbana;PIAZZA DI PORTA MAGGIORE;in prossimità;;del civico n.;24;;Scontro laterale fra veicoli in marcia;Rettilineo;Una carreggiata a senso unico di marcia;Asciutto;Asfaltata;Verticale ed orizzontale;Nuvoloso;Normale;Buona;Ore Diurne;0;0;0;3;12.5139;41.8915;-1;1;Autovettura privata;In marcia / fermata / arresto;Conducente;M;Illeso;0;;Non accertato;Inesploso
4032278;1;11/10/2018 12:45:00;Strada Urbana;PIAZZA DI PORTA MAGGIORE;in prossimità;;del civico n.;24;;Scontro laterale fra veicoli in marcia;Rettilineo;Una carreggiata a senso unico di marcia;Asciutto;Asfaltata;Verticale ed orizzontale;Nuvoloso;Normale;Buona;Ore Diurne;0;0;0;3;12.5139;41.8915;-1;2;Autocarro inferiore 35 q.;In marcia / fermata / arresto;Conducente;M;Illeso;0;;Non accertato;Inesploso
4032278;1;11/10/2018 12:45:00;Strada Urbana;PIAZZA DI PORTA MAGGIORE;in prossimità;;del civico n.;24;;Scontro laterale fra veicoli in marcia;Rettilineo;Una carreggiata a senso unico di marcia;Asciutto;Asfaltata;Verticale ed orizzontale;Nuvoloso;Normale;Buona;Ore Diurne;0;0;0;3;12.5139;41.8915;-1;2;Autocarro inferiore 35 q.;In marcia / fermata / arresto;Passeggero;M;Illeso;0;;Non accertato;Inesploso
4032301;15;11/10/2018 15:40:00;Strada Urbana;VIA SENORBI;in corrispondenza;;del civico n.;43;;Scontro laterale fra veicoli in marcia;Rettilineo;Una carreggiata a doppio senso;Bagnato (pioggia);Asfaltata;Assente;Pioggia in atto;Scarso;Buona;Ore Diurne;0;0;0;2;12.36;41.831;-1;1;Autovettura privata;In marcia / fermata / arresto;Conducente;F;Illeso;0;;Non accertato;Inesploso
4032301;15;11/10/2018 15:40:00;Strada Urbana;VIA SENORBI;in corrispondenza;;del civico n.;43;;Scontro laterale fra veicoli in marcia;Rettilineo;Una carreggiata a doppio senso;Bagnato (pioggia);Asfaltata;Assente;Pioggia in atto;Scarso;Buona;Ore Diurne;0;0;0;2;12.36;41.831;-1;2;Autovettura privata;In marcia / fermata / arresto;Conducente;F;Illeso;0;;Non accertato;Inesploso
4032307;1;11/10/2018 12:30:00;Strada Urbana;VIALE AVENTINO;in corrispondenza;;del civico n.;108;;Infortunio per sola frenata improvvisa;Rettilineo;Più di due carreggiate;Bagnato (pioggia);Acciotolata;Orizzontale;Nuvoloso;Normale;Buona;Ore Diurne;1;0;0;0;12.4845;41.8809;0;1;Motociclo a solo;In marcia / fermata / arresto;Conducente;M;Rimandato;0;NON DECEDUTO;Non accertato;
4032326;1;11/10/2018 17:45:00;Strada Urbana;LARGO BRANCACCIO;all'intersezione semaforizzata con;VIA MERULANA;VIA MERULANA;;;Scontro laterale fra veicoli in marcia;Intersezione semaforizzata;Una carreggiata a doppio senso;Bagnato (pioggia);Asfaltata;Verticale ed orizzontale;Nuvoloso;Normale;Buona;Ore Diurne;1;0;0;1;12.5002;41.895;-1;1;Autovettura privata;In marcia / fermata / arresto;Conducente;F;Illeso;0;;Non accertato;Inesploso
4032326;1;11/10/2018 17:45:00;Strada Urbana;LARGO BRANCACCIO;all'intersezione semaforizzata con;VIA MERULANA;VIA MERULANA;;;Scontro laterale fra veicoli in marcia;Intersezione semaforizzata;Una carreggiata a doppio senso;Bagnato (pioggia);Asfaltata;Verticale ed orizzontale;Nuvoloso;Normale;Buona;Ore Diurne;1;0;0;1;12.5002;41.895;-1;2;Motociclo a solo;In marcia / fermata / arresto;Conducente;M;Rifiuta cure immediate;0;NON DECEDUTO;Non accertato;
4032683;11;11/10/2018 20:40:00;Strada Urbana;VIA TIBERIO IMPERATORE;da specificare;;;;prossimità fronte civico 75;Investimento di pedone;Rettilineo;Una carreggiata a doppio senso;Bagnato (pioggia);Asfaltata;Orizzontale;Nuvoloso;Scarso;Sufficiente;Sufficiente;1;0;0;2;12.4842;41.8515;-1;;;;Pedone;M;Rimandato;0;NON DECEDUTO;;
4032683;11;11/10/2018 20:40:00;Strada Urbana;VIA TIBERIO IMPERATORE;da specificare;;;;prossimità fronte civico 75;Investimento di pedone;Rettilineo;Una carreggiata a doppio senso;Bagnato (pioggia);Asfaltata;Orizzontale;Nuvoloso;Scarso;Sufficiente;Sufficiente;1;0;0;2;12.4842;41.8515;-1;1;Autovettura privata;In marcia / fermata / arresto;Conducente;F;Illeso;0;;Non accertato;Inesploso
4032683;11;11/10/2018 20:40:00;Strada Urbana;VIA TIBERIO IMPERATORE;da specificare;;;;prossimità fronte civico 75;Investimento di pedone;Rettilineo;Una carreggiata a doppio senso;Bagnato (pioggia);Asfaltata;Orizzontale;Nuvoloso;Scarso;Sufficiente;Sufficiente;1;0;0;2;12.4842;41.8515;-1;1;Autovettura privata;In marcia / fermata / arresto;Passeggero;F;Illeso;0;;Non accertato;
4032691;8;11/10/2018 09:00:00;Strada Urbana;VIA ALESSANDRO NELLI;all'intersezione con;VIA CARLO PALOMBI;VIA CARLO PALOMBI;;;Scontro frontale/laterale DX fra veicoli in marcia;Incrocio;Una carreggiata a doppio senso;Asciutto;Asfaltata;Verticale;Nuvoloso;Scarso;Buona;Ore Diurne;0;0;0;2;12.6422;41.8643;-1;1;Autovettura privata;In marcia / fermata / arresto;Conducente;M;Illeso;0;;;
4032691;8;11/10/2018 09:00:00;Strada Urbana;VIA ALESSANDRO NELLI;all'intersezione con;VIA CARLO PALOMBI;VIA CARLO PALOMBI;;;Scontro frontale/laterale DX fra veicoli in marcia;Incrocio;Una carreggiata a doppio senso;Asciutto;Asfaltata;Verticale;Nuvoloso;Scarso;Buona;Ore Diurne;0;0;0;2;12.6422;41.8643;-1;2;Autovettura privata;In marcia / fermata / arresto;Conducente;F;Illeso;0;;;
4032692;8;11/10/2018 11:40:00;Strada Urbana;VIA ANGELO BIANCHI;all'intersezione con;VIA PIETRO GENTILINI;VIA PIETRO GENTILINI;;;Scontro frontale/laterale DX fra veicoli in marcia;Incrocio;Una carreggiata a doppio senso;Asciutto;Asfaltata;Verticale ed orizzontale;Nuvoloso;Scarso;Buona;Ore Diurne;0;0;0;2;12.6187;41.8594;-1;1;Autovettura privata;In marcia / fermata / arresto;Conducente;M;Illeso;0;;Non accertato;Inesploso
4032692;8;11/10/2018 11:40:00;Strada Urbana;VIA ANGELO BIANCHI;all'intersezione con;VIA PIETRO GENTILINI;VIA PIETRO GENTILINI;;;Scontro frontale/laterale DX fra veicoli in marcia;Incrocio;Una carreggiata a doppio senso;Asciutto;Asfaltata;Verticale ed orizzontale;Nuvoloso;Scarso;Buona;Ore Diurne;0;0;0;2;12.6187;41.8594;-1;2;Autovettura privata;In marcia / fermata / arresto;Conducente;M;Illeso;0;;;
4032696;8;11/10/2018 07:20:00;Strada Urbana;VIA DI PASSO LOMBARDO;all'intersezione con;VIA HARVARD;VIA HARVARD;;;Scontro laterale fra veicoli in marcia;Incrocio;Una carreggiata a doppio senso;Asciutto;Asfaltata;Verticale ed orizzontale;Nuvoloso;Normale;Buona;Sufficiente;4;0;0;0;12.6293;41.8486;-1;1;Autocarro inferiore 35 q.;In marcia / fermata / arresto;Conducente;M;Rimandato;0;NON DECEDUTO;;
4032696;8;11/10/2018 07:20:00;Strada Urbana;VIA DI PASSO LOMBARDO;all'intersezione con;VIA HARVARD;VIA HARVARD;;;Scontro laterale fra veicoli in marcia;Incrocio;Una carreggiata a doppio senso;Asciutto;Asfaltata;Verticale ed orizzontale;Nuvoloso;Normale;Buona;Sufficiente;4;0;0;0;12.6293;41.8486;-1;1;Autocarro inferiore 35 q.;In marcia / fermata / arresto;Passeggero;M;Rimandato;0;NON DECEDUTO;;
4032696;8;11/10/2018 07:20:00;Strada Urbana;VIA DI PASSO LOMBARDO;all'intersezione con;VIA HARVARD;VIA HARVARD;;;Scontro laterale fra veicoli in marcia;Incrocio;Una carreggiata a doppio senso;Asciutto;Asfaltata;Verticale ed orizzontale;Nuvoloso;Normale;Buona;Sufficiente;4;0;0;0;12.6293;41.8486;-1;2;Autovettura privata;In marcia / fermata / arresto;Conducente;M;Rifiuta cure immediate;0;NON DECEDUTO;;
4032696;8;11/10/2018 07:20:00;Strada Urbana;VIA DI PASSO LOMBARDO;all'intersezione con;VIA HARVARD;VIA HARVARD;;;Scontro laterale fra veicoli in marcia;Incrocio;Una carreggiata a doppio senso;Asciutto;Asfaltata;Verticale ed orizzontale;Nuvoloso;Normale;Buona;Sufficiente;4;0;0;0;12.6293;41.8486;-1;2;Autovettura privata;In marcia / fermata / arresto;Passeggero;F;Rimandato;0;NON DECEDUTO;;
4032703;8;11/10/2018 19:15:00;Strada Urbana;VIA DI ROCCA CENCIA;all'intersezione con;VIA MANDANICI;VIA MANDANICI;;;Investimento di pedone;Incrocio;Una carreggiata a doppio senso;Asciutto;Asfaltata;Verticale ed orizzontale;Nuvoloso;Normale;Buona;Ore Diurne;1;0;0;1;12.6921;41.8763;-1;;;;Pedone;M;Rimandato;0;NON DECEDUTO;;
4032703;8;11/10/2018 19:15:00;Strada Urbana;VIA DI ROCCA CENCIA;all'intersezione con;VIA MANDANICI;VIA MANDANICI;;;Investimento di pedone;Incrocio;Una carreggiata a doppio senso;Asciutto;Asfaltata;Verticale ed orizzontale;Nuvoloso;Normale;Buona;Ore Diurne;1;0;0;1;12.6921;41.8763;-1;1;Autovettura privata;In marcia / fermata / arresto;Conducente;F;Illeso;0;;Non accertato;Inesploso
4032706;8;11/10/2018 13:00:00;Strada Urbana;VIA RADDUSA;all'intersezione con;VIA RIPOSTO;VIA RIPOSTO;;;Scontro frontale/laterale SX fra veicoli in marcia;Incrocio;Una carreggiata a senso unico di marcia;Asciutto;Asfaltata;Verticale ed orizzontale;Sereno;Scarso;Buona;Ore Diurne;1;0;0;1;12.6516;41.8675;-1;1;Autovettura privata;In marcia / fermata / arresto;Conducente;M;Illeso;0;;Non accertato;Inesploso
4032706;8;11/10/2018 13:00:00;Strada Urbana;VIA RADDUSA;all'intersezione con;VIA RIPOSTO;VIA RIPOSTO;;;Scontro frontale/laterale SX fra veicoli in marcia;Incrocio;Una carreggiata a senso unico di marcia;Asciutto;Asfaltata;Verticale ed orizzontale;Sereno;Scarso;Buona;Ore Diurne;1;0;0;1;12.6516;41.8675;-1;2;Autovettura privata;In marcia / fermata / arresto;Conducente;F;Rimandato;0;NON DECEDUTO;;
4032710;8;11/10/2018 20:30:00;;VIA DI FONTANA CANDIDA;in prossimità;;del civico n.;2;;Scontro laterale fra veicoli in marcia;;;;;;;;;;1;0;0;3;;;0;1;Autovettura privata;In marcia / fermata / arresto;Conducente;M;Illeso;0;;;
4032710;8;11/10/2018 20:30:00;;VIA DI FONTANA CANDIDA;in prossimità;;del civico n.;2;;Scontro laterale fra veicoli in marcia;;;;;;;;;;1;0;0;3;;;0;1;Autovettura privata;In marcia / fermata / arresto;Passeggero;F;Illeso;0;;;
4032710;8;11/10/2018 20:30:00;;VIA DI FONTANA CANDIDA;in prossimità;;del civico n.;2;;Scontro laterale fra veicoli in marcia;;;;;;;;;;1;0;0;3;;;0;2;Autovettura privata;In marcia / fermata / arresto;Conducente;F;Rimandato;0;NON DECEDUTO;;
4032710;8;11/10/2018 20:30:00;;VIA DI FONTANA CANDIDA;in prossimità;;del civico n.;2;;Scontro laterale fra veicoli in marcia;;;;;;;;;;1;0;0;3;;;0;3;Autovettura privata;In marcia / fermata / arresto;Conducente;M;Illeso;0;;;
4032712;13;11/10/2018 13:10:00;Strada Urbana;VIA TELEMACO SIGNORINI;all'intersezione con;VIA GINO BONICHI;VIA GINO BONICHI;;;Scontro frontale/laterale SX fra veicoli in marcia;Incrocio;Una carreggiata a doppio senso;Asciutto;Asfaltata;Verticale ed orizzontale;Nuvoloso;Normale;Buona;Ore Diurne;1;0;0;0;12.3589;41.7765;-1;1;Autovettura privata;In marcia / fermata / arresto;Conducente;F;Rimandato;0;NON DECEDUTO;Non accertato;Esploso
4032714;8;11/10/2018 15:10:00;Strada Urbana;VIALE PIETRO GISMONDI;da specificare;;;;rotatoria Via Montpellier;Scontro laterale fra veicoli in marcia;Rotatoria;Una carreggiata a senso unico di marcia;Bagnato (pioggia);Asfaltata;Verticale ed orizzontale;Nuvoloso;Normale;Buona;Ore Diurne;0;0;0;5;12.6305;41.8553;-1;1;Autovettura privata;In marcia / fermata / arresto;Conducente;F;Illeso;0;;;
4032714;8;11/10/2018 15:10:00;Strada Urbana;VIALE PIETRO GISMONDI;da specificare;;;;rotatoria Via Montpellier;Scontro laterale fra veicoli in marcia;Rotatoria;Una carreggiata a senso unico di marcia;Bagnato (pioggia);Asfaltata;Verticale ed orizzontale;Nuvoloso;Normale;Buona;Ore Diurne;0;0;0;5;12.6305;41.8553;-1;1;Autovettura privata;In marcia / fermata / arresto;Passeggero;F;Illeso;0;;;
4032714;8;11/10/2018 15:10:00;Strada Urbana;VIALE PIETRO GISMONDI;da specificare;;;;rotatoria Via Montpellier;Scontro laterale fra veicoli in marcia;Rotatoria;Una carreggiata a senso unico di marcia;Bagnato (pioggia);Asfaltata;Verticale ed orizzontale;Nuvoloso;Normale;Buona;Ore Diurne;0;0;0;5;12.6305;41.8553;-1;1;Autovettura privata;In marcia / fermata / arresto;Passeggero;M;Illeso;0;;;
4032714;8;11/10/2018 15:10:00;Strada Urbana;VIALE PIETRO GISMONDI;da specificare;;;;rotatoria Via Montpellier;Scontro laterale fra veicoli in marcia;Rotatoria;Una carreggiata a senso unico di marcia;Bagnato (pioggia);Asfaltata;Verticale ed orizzontale;Nuvoloso;Normale;Buona;Ore Diurne;0;0;0;5;12.6305;41.8553;-1;2;Autocarro inferiore 35 q.;In marcia / fermata / arresto;Conducente;M;Illeso;0;;;
4032716;8;11/10/2018 12:30:00;Strada Urbana;VIA CASILINA;in corrispondenza;;del civico n.;1918;;Scontro laterale fra veicoli in marcia;Rettilineo;Una carreggiata a senso unico alternato;Asciutto;Asfaltata;Verticale ed orizzontale;Sereno;Intenso;Buona;Ore Diurne;0;0;0;2;12.696;41.8637;-1;1;Autovettura privata;In marcia / fermata / arresto;Conducente;F;Illeso;0;;;
4032716;8;11/10/2018 12:30:00;Strada Urbana;VIA CASILINA;in corrispondenza;;del civico n.;1918;;Scontro laterale fra veicoli in marcia;Rettilineo;Una carreggiata a senso unico alternato;Asciutto;Asfaltata;Verticale ed orizzontale;Sereno;Intenso;Buona;Ore Diurne;0;0;0;2;12.696;41.8637;-1;2;Autovettura privata;In marcia / fermata / arresto;Conducente;M;Illeso;0;;;
4032723;11;11/10/2018 14:05:00;Strada Urbana;VIA FLAVIO DOMIZIANO;da specificare;;;;f.c. 2;Veicolo in marcia contro veicolo fermo;Rettilineo;Una carreggiata a senso unico di marcia;Bagnato (umidità in atto);Asfaltata;Verticale ed orizzontale;Nuvoloso;Normale;Buona;Ore Diurne;0;0;0;4;12.4855;41.8513;-1;1;Autovettura privata;In marcia / fermata / arresto;Conducente;F;Illeso;0;;;
4032723;11;11/10/2018 14:05:00;Strada Urbana;VIA FLAVIO DOMIZIANO;da specificare;;;;f.c. 2;Veicolo in marcia contro veicolo fermo;Rettilineo;Una carreggiata a senso unico di marcia;Bagnato (umidità in atto);Asfaltata;Verticale ed orizzontale;Nuvoloso;Normale;Buona;Ore Diurne;0;0;0;4;12.4855;41.8513;-1;1;Autovettura privata;In marcia / fermata / arresto;Passeggero;F;Illeso;0;;;
4032723;11;11/10/2018 14:05:00;Strada Urbana;VIA FLAVIO DOMIZIANO;da specificare;;;;f.c. 2;Veicolo in marcia contro veicolo fermo;Rettilineo;Una carreggiata a senso unico di marcia;Bagnato (umidità in atto);Asfaltata;Verticale ed orizzontale;Nuvoloso;Normale;Buona;Ore Diurne;0;0;0;4;12.4855;41.8513;-1;2;Autovettura privata;In marcia / fermata / arresto;Conducente;F;Illeso;0;;;
4032723;11;11/10/2018 14:05:00;Strada Urbana;VIA FLAVIO DOMIZIANO;da specificare;;;;f.c. 2;Veicolo in marcia contro veicolo fermo;Rettilineo;Una carreggiata a senso unico di marcia;Bagnato (umidità in atto);Asfaltata;Verticale ed orizzontale;Nuvoloso;Normale;Buona;Ore Diurne;0;0;0;4;12.4855;41.8513;-1;2;Autovettura privata;In marcia / fermata / arresto;Passeggero;F;Illeso;0;;;
4032733;7;11/10/2018 09:25:00;Strada Urbana;VIALE PALMIRO TOGLIATTI;in prossimità;;del civico n.;581;;Scontro frontale/laterale SX fra veicoli in marcia;Rettilineo;Due carreggiate;Asciutto;Asfaltata;Verticale ed orizzontale;Sereno;Normale;Buona;Ore Diurne;0;0;0;2;12.5715;41.8769;-1;1;Autovettura privata;In marcia / fermata / arresto;Conducente;M;Illeso;0;;;
4032733;7;11/10/2018 09:25:00;Strada Urbana;VIALE PALMIRO TOGLIATTI;in prossimità;;del civico n.;581;;Scontro frontale/laterale SX fra veicoli in marcia;Rettilineo;Due carreggiate;Asciutto;Asfaltata;Verticale ed orizzontale;Sereno;Normale;Buona;Ore Diurne;0;0;0;2;12.5715;41.8769;-1;2;Autocarro superiore 35 q.;In marcia / fermata / arresto;Conducente;M;Illeso;0;;;
4032741;11;11/10/2018 14:55:00;Strada Urbana;VIA CRISTOFORO COLOMBO;da specificare;;;;prrossimità civ. 168;Scontro frontale/laterale SX fra veicoli in marcia;Rettilineo;Più di due carreggiate;Asciutto;Asfaltata;Orizzontale;Nuvoloso;Scarso;Buona;Ore Diurne;0;0;0;3;12.497;41.863;-1;1;Autovettura privata;In marcia / fermata / arresto;Conducente;M;Illeso;0;;;
4032741;11;11/10/2018 14:55:00;Strada Urbana;VIA CRISTOFORO COLOMBO;da specificare;;;;prrossimità civ. 168;Scontro frontale/laterale SX fra veicoli in marcia;Rettilineo;Più di due carreggiate;Asciutto;Asfaltata;Orizzontale;Nuvoloso;Scarso;Buona;Ore Diurne;0;0;0;3;12.497;41.863;-1;1;Autovettura privata;In marcia / fermata / arresto;Passeggero;M;Illeso;0;;;
4032741;11;11/10/2018 14:55:00;Strada Urbana;VIA CRISTOFORO COLOMBO;da specificare;;;;prrossimità civ. 168;Scontro frontale/laterale SX fra veicoli in marcia;Rettilineo;Più di due carreggiate;Asciutto;Asfaltata;Orizzontale;Nuvoloso;Scarso;Buona;Ore Diurne;0;0;0;3;12.497;41.863;-1;2;Motociclo a solo;In marcia / fermata / arresto;Conducente;M;Illeso;0;;;
4032743;15;11/10/2018 19:45:00;Strada Urbana;VIA DELLA MAGLIANA;all'intersezione con;VIA DELLE IDROVORE DELLA MAGLIANA;VIA DELLE IDROVORE DELLA MAGLIANA;;;Tamponamento Multiplo;Intersezione stradale segnalata;Una carreggiata a doppio senso;Bagnato (pioggia);Asfaltata;Orizzontale;Pioggia in atto;Normale;Buona;Sufficiente;1;0;0;2;12.4196;41.8317;-1;1;Autovettura privata;In marcia / fermata / arresto;Conducente;F;Illeso;0;;Utilizzato;
4032743;15;11/10/2018 19:45:00;Strada Urbana;VIA DELLA MAGLIANA;all'intersezione con;VIA DELLE IDROVORE DELLA MAGLIANA;VIA DELLE IDROVORE DELLA MAGLIANA;;;Tamponamento Multiplo;Intersezione stradale segnalata;Una carreggiata a doppio senso;Bagnato (pioggia);Asfaltata;Orizzontale;Pioggia in atto;Normale;Buona;Sufficiente;1;0;0;2;12.4196;41.8317;-1;2;Autovettura privata;In marcia / fermata / arresto;Conducente;M;Rimandato;0;NON DECEDUTO;Utilizzato;Inesploso
4032743;15;11/10/2018 19:45:00;Strada Urbana;VIA DELLA MAGLIANA;all'intersezione con;VIA DELLE IDROVORE DELLA MAGLIANA;VIA DELLE IDROVORE DELLA MAGLIANA;;;Tamponamento Multiplo;Intersezione stradale segnalata;Una carreggiata a doppio senso;Bagnato (pioggia);Asfaltata;Orizzontale;Pioggia in atto;Normale;Buona;Sufficiente;1;0;0;2;12.4196;41.8317;-1;3;Autovettura privata;In marcia / fermata / arresto;Conducente;M;Illeso;0;;Utilizzato;
4032764;13;11/10/2018 06:00:00;Strada Urbana;VIA DI CASTEL FUSANO;all'intersezione con;VIA OSTIENSE;VIA OSTIENSE;;;Scontro frontale/laterale SX fra veicoli in marcia;Intersezione semaforizzata;Una carreggiata a doppio senso;Asciutto;Asfaltata;Verticale ed orizzontale;Nuvoloso;Normale;Buona;Sufficiente;1;0;0;1;12.3119;41.746;-1;1;Autovettura privata;In marcia / fermata / arresto;Conducente;M;Illeso;0;;Non accertato;Inesploso
4032764;13;11/10/2018 06:00:00;Strada Urbana;VIA DI CASTEL FUSANO;all'intersezione con;VIA OSTIENSE;VIA OSTIENSE;;;Scontro frontale/laterale SX fra veicoli in marcia;Intersezione semaforizzata;Una carreggiata a doppio senso;Asciutto;Asfaltata;Verticale ed orizzontale;Nuvoloso;Normale;Buona;Sufficiente;1;0;0;1;12.3119;41.746;-1;2;Motociclo a solo;In marcia / fermata / arresto;Conducente;M;Rimandato;0;NON DECEDUTO;Non accertato;
4032769;1;10/10/2018 16:00:00;Strada Urbana;SOTTOVIA IGNAZIO GUIDI;da specificare;;;;tratto in uscita Via Nomentana V.le Castro Pretori;Scontro laterale fra veicoli in marcia;Rettilineo;Due carreggiate;Asciutto;Asfaltata;Verticale ed orizzontale;Sereno;Normale;Buona;Ore Diurne;0;0;0;3;12.5014;41.9096;-1;1;Autovettura di polizia;In marcia / fermata / arresto;Conducente;M;Illeso;0;;Non accertato;Inesploso
4032769;1;10/10/2018 16:00:00;Strada Urbana;SOTTOVIA IGNAZIO GUIDI;da specificare;;;;tratto in uscita Via Nomentana V.le Castro Pretori;Scontro laterale fra veicoli in marcia;Rettilineo;Due carreggiate;Asciutto;Asfaltata;Verticale ed orizzontale;Sereno;Normale;Buona;Ore Diurne;0;0;0;3;12.5014;41.9096;-1;1;Autovettura di polizia;In marcia / fermata / arresto;Passeggero;M;Illeso;0;;Esente;Inesploso
4032769;1;10/10/2018 16:00:00;Strada Urbana;SOTTOVIA IGNAZIO GUIDI;da specificare;;;;tratto in uscita Via Nomentana V.le Castro Pretori;Scontro laterale fra veicoli in marcia;Rettilineo;Due carreggiate;Asciutto;Asfaltata;Verticale ed orizzontale;Sereno;Normale;Buona;Ore Diurne;0;0;0;3;12.5014;41.9096;-1;2;Autovettura privata;In marcia / fermata / arresto;Conducente;M;Illeso;0;;Non accertato;Inesploso
4032774;10;12/10/2018 02:05:00;Strada Urbana;VIA APPIA NUOVA;in prossimità;;del civico n.;1256;;Veicolo in marcia contro ostacolo accidentale;Rettilineo;Due carreggiate;Asciutto;Asfaltata;Orizzontale;Nuvoloso;Scarso;Insufficiente;Insufficiente;0;0;0;2;12.5662;41.8209;-1;1;Autovettura privata;In marcia / fermata / arresto;Conducente;F;Illeso;0;;Non accertato;Inesploso
4032774;10;12/10/2018 02:05:00;Strada Urbana;VIA APPIA NUOVA;in prossimità;;del civico n.;1256;;Veicolo in marcia contro ostacolo accidentale;Rettilineo;Due carreggiate;Asciutto;Asfaltata;Orizzontale;Nuvoloso;Scarso;Insufficiente;Insufficiente;0;0;0;2;12.5662;41.8209;-1;1;Autovettura privata;In marcia / fermata / arresto;Passeggero;M;Illeso;0;;Non accertato;Inesploso
4032776;11;11/10/2018 18:50:00;Strada Urbana;VIA OSTIENSE;all'intersezione con;VIA BARTOLOMEO BOSSI;VIA BARTOLOMEO BOSSI;;;Tamponamento;Incrocio;Più di due carreggiate;Bagnato (umidità in atto);Asfaltata;Assente;Nuvoloso;Normale;Buona;Sufficiente;1;0;0;1;12.4808;41.875;-1;1;Autovettura privata;In marcia / fermata / arresto;Conducente;M;Illeso;0;;;
4032776;11;11/10/2018 18:50:00;Strada Urbana;VIA OSTIENSE;all'intersezione con;VIA BARTOLOMEO BOSSI;VIA BARTOLOMEO BOSSI;;;Tamponamento;Incrocio;Più di due carreggiate;Bagnato (umidità in atto);Asfaltata;Assente;Nuvoloso;Normale;Buona;Sufficiente;1;0;0;1;12.4808;41.875;-1;2;Motociclo a solo;In marcia / fermata / arresto;Conducente;F;Rimandato;0;NON DECEDUTO;;
4032779;5;11/10/2018 07:40:00;Strada Urbana;VIA TIBURTINA;da specificare;;;;in prossimità di VIA ELENA BRANDIZZI GIANNI;Investimento di pedone;Rettilineo;Due carreggiate;Asciutto;Asfaltata;Orizzontale;Nuvoloso;Intenso;Buona;Ore Diurne;1;0;0;1;12.5792;41.9315;-1;;;;Pedone;F;Rimandato;0;NON DECEDUTO;;
4032779;5;11/10/2018 07:40:00;Strada Urbana;VIA TIBURTINA;da specificare;;;;in prossimità di VIA ELENA BRANDIZZI GIANNI;Investimento di pedone;Rettilineo;Due carreggiate;Asciutto;Asfaltata;Orizzontale;Nuvoloso;Intenso;Buona;Ore Diurne;1;0;0;1;12.5792;41.9315;-1;1;Motociclo a solo;In marcia / fermata / arresto;Conducente;M;Illeso;0;;Non accertato;
4032781;19;11/10/2018 18:35:00;Strada Urbana;VIA ALBERTO CADLOLO;da specificare;;;;prossimità Clivio di Cinna;Ribaltamento senza urto contro ostacolo fisso;Rettilineo;Una carreggiata a doppio senso;Bagnato (pioggia);Asfaltata;Verticale ed orizzontale;Pioggia in atto;Scarso;Buona;Sufficiente;1;0;0;0;12.4461;41.9199;-1;1;Motociclo a solo;In marcia / fermata / arresto;Conducente;M;Rifiuta cure immediate;0;NON DECEDUTO;Non accertato;