Protocollo;Gruppo;DataOraIncidente;Localizzazione1;STRADA1;Localizzazione2;STRADA2;Strada02;Chilometrica;DaSpecificare;NaturaIncidente;particolaritastrade;TipoStrada;FondoStradale;Pavimentazione;Segnaletica;CondizioneAtmosferica;Traffico;Visibilita;Illuminazione;NUM_FERITI;NUM_RISERVATA;NUM_MORTI;NUM_ILLESI;Longitudine;Latitudine;Confermato;Progressivo;TipoVeicolo;StatoVeicolo;TipoPersona;Sesso;Tipolesione;Deceduto;DecedutoDopo;CinturaCascoUtilizzato;Airbag;
4044246;9;19/10/2018 04:45:00;Strada Urbana;VIA AMITERNO;all'intersezione semaforizzata con;VIA MAGNAGRECIA;VIA MAGNAGRECIA;;;Scontro frontale/laterale SX fra veicoli in marcia;Intersezione semaforizzata;Una carreggiata a doppio senso;Asciutto;Asfaltata;Verticale ed orizzontale;Sereno;Scarso;Buona;Sufficiente;1;0;0;1;12.5084;41.8822;-1;2;Autovettura privata;In marcia / fermata / arresto;Conducente;M;Illeso;0;;Non accertato;Inesploso
4044264;20;18/10/2018 08:30:00;Provinciale;VIA TIBERINA;in prossimità;;del civico n.;173;;Tamponamento Multiplo;Rettilineo;Una carreggiata a doppio senso;Asciutto;Asfaltata;Orizzontale;Sereno;Normale;Buona;Ore Diurne;0;0;0;5;12.4989;42.0035;-1;1;Autovettura privata;In marcia / fermata / arresto;Conducente;M;Illeso;0;;Non accertato;Inesploso
4044264;20;18/10/2018 08:30:00;Provinciale;VIA TIBERINA;in prossimità;;del civico n.;173;;Tamponamento Multiplo;Rettilineo;Una carreggiata a doppio senso;Asciutto;Asfaltata;Orizzontale;Sereno;Normale;Buona;Ore Diurne;0;0;0;5;12.4989;42.0035;-1;1;Autovettura privata;In marcia / fermata / arresto;Passeggero;F;Illeso;0;;Non accertato;Inesploso
4044264;20;18/10/2018 08:30:00;Provinciale;VIA TIBERINA;in prossimità;;del civico n.;173;;Tamponamento Multiplo;Rettilineo;Una carreggiata a doppio senso;Asciutto;Asfaltata;Orizzontale;Sereno;Normale;Buona;Ore Diurne;0;0;0;5;12.4989;42.0035;-1;2;Autocarro inferiore 35 q.;In marcia / fermata / arresto;Conducente;M;Illeso;0;;Non accertato;Inesploso
4044264;20;18/10/2018 08:30:00;Provinciale;VIA TIBERINA;in prossimità;;del civico n.;173;;Tamponamento Multiplo;Rettilineo;Una carreggiata a doppio senso;Asciutto;Asfaltata;Orizzontale;Sereno;Normale;Buona;Ore Diurne;0;0;0;5;12.4989;42.0035;-1;3;Autocarro inferiore 35 q.;In marcia / fermata / arresto;Conducente;M;Illeso;0;;Non accertato;Inesploso
4044264;20;18/10/2018 08:30:00;Provinciale;VIA TIBERINA;in prossimità;;del civico n.;173;;Tamponamento Multiplo;Rettilineo;Una carreggiata a doppio senso;Asciutto;Asfaltata;Orizzontale;Sereno;Normale;Buona;Ore Diurne;0;0;0;5;12.4989;42.0035;-1;3;Autocarro inferiore 35 q.;In marcia / fermata / arresto;Passeggero;M;Illeso;0;;Non accertato;Inesploso
4044271;11;18/10/2018 14:15:00;Strada Urbana;PIAZZA ELIO RUFINO;all'intersezione semaforizzata con;VIA CRISTOFORO COLOMBO;VIA CRISTOFORO COLOMBO;;;Scontro laterale fra veicoli in marcia;Incrocio;Due carreggiate;Asciutto;Asfaltata;Verticale ed orizzontale;Sereno;Normale;Buona;Ore Diurne;0;0;0;2;12.4967;41.8586;-1;1;Autocarro inferiore 35 q.;In marcia / fermata / arresto;Conducente;M;Illeso;0;;;
4044271;11;18/10/2018 14:15:00;Strada Urbana;PIAZZA ELIO RUFINO;all'intersezione semaforizzata con;VIA CRISTOFORO COLOMBO;VIA CRISTOFORO COLOMBO;;;Scontro laterale fra veicoli in marcia;Incrocio;Due carreggiate;Asciutto;Asfaltata;Verticale ed orizzontale;Sereno;Normale;Buona;Ore Diurne;0;0;0;2;12.4967;41.8586;-1;2;Autovettura privata;In marcia / fermata / arresto;Conducente;F;Illeso;0;;;
4044282;1;18/10/2018 19:30:00;Strada Urbana;VIA DI S. GREGORIO;all'intersezione con;VIA DEI CERCHI;VIA DEI CERCHI;;;Infortunio per caduta del veicolo;Incrocio;Due carreggiate;Asciutto;Asfaltata;Verticale ed orizzontale;Sereno;Normale;Buona;Sufficiente;0;2;0;0;12.4892;41.8849;-1;1;Motociclo con passeggero;In marcia / fermata / arresto;Conducente;M;Prognosi riservata;0;NON DECEDUTO;Non accertato;
4044282;1;18/10/2018 19:30:00;Strada Urbana;VIA DI S. GREGORIO;all'intersezione con;VIA DEI CERCHI;VIA DEI CERCHI;;;Infortunio per caduta del veicolo;Incrocio;Due carreggiate;Asciutto;Asfaltata;Verticale ed orizzontale;Sereno;Normale;Buona;Sufficiente;0;2;0;0;12.4892;41.8849;-1;1;Motociclo con passeggero;In marcia / fermata / arresto;Passeggero;F;Prognosi riservata;0;NON DECEDUTO;Non accertato;
4044286;18;18/10/2018 09:30:00;Strada Urbana;VIA DI BOCCEA;all'intersezione con;VIA FEDERICO GALEOTTI;VIA FEDERICO GALEOTTI;;;Scontro frontale/laterale SX fra veicoli in marcia;Intersezione stradale segnalata;Una carreggiata a doppio senso;Asciutto;Asfaltata;Verticale ed orizzontale;Sereno;Intenso;Buona;Ore Diurne;1;0;0;1;12.424;41.9026;-1;1;Autovettura privata;In marcia / fermata / arresto;Conducente;M;Illeso;0;;Non accertato;Inesploso
4044286;18;18/10/2018 09:30:00;Strada Urbana;VIA DI BOCCEA;all'intersezione con;VIA FEDERICO GALEOTTI;VIA FEDERICO GALEOTTI;;;Scontro frontale/laterale SX fra veicoli in marcia;Intersezione stradale segnalata;Una carreggiata a doppio senso;Asciutto;Asfaltata;Verticale ed orizzontale;Sereno;Intenso;Buona;Ore Diurne;1;0;0;1;12.424;41.9026;-1;2;Motociclo a solo;In marcia / fermata / arresto;Conducente;M;Rimandato;0;NON DECEDUTO;Non accertato;
4044289;16;10/10/2018 15:00:00;;PIAZZA CARLO ALBERTO SCOTTI;in prossimità;;del civico n.;4;;Veicolo in marcia contro ostacolo fisso;;;;;;;;;;0;0;0;1;;;0;1;Autocarro inferiore 35 q.;In marcia / fermata / arresto;Conducente;M;Illeso;0;;Non accertato;
4044295;18;18/10/2018 18:30:00;Strada Urbana;VIA CORNELIA;all'intersezione con;VIA BISTAGNO;VIA BISTAGNO;;;Ribaltamento senza urto contro ostacolo fisso;Intersezione non regolata/non segnalata;Una carreggiata a doppio senso;Asciutto;Asfaltata;Verticale ed orizzontale;Sereno;Normale;Sufficiente;Sufficiente;1;0;0;1;12.3899;41.9007;-1;1;Ciclomotore;In marcia / fermata / arresto;Conducente;M;Rifiuta cure immediate;0;NON DECEDUTO;Non accertato;
4044295;18;18/10/2018 18:30:00;Strada Urbana;VIA CORNELIA;all'intersezione con;VIA BISTAGNO;VIA BISTAGNO;;;Ribaltamento senza urto contro ostacolo fisso;Intersezione non regolata/non segnalata;Una carreggiata a doppio senso;Asciutto;Asfaltata;Verticale ed orizzontale;Sereno;Normale;Sufficiente;Sufficiente;1;0;0;1;12.3899;41.9007;-1;1;Ciclomotore;In marcia / fermata / arresto;Passeggero;F;Illeso;0;;Non accertato;
4044306;18;18/10/2018 17:45:00;Strada Urbana;VIA MARIANO D'AMELIO;in corrispondenza;;del civico n.;44;;Veicolo in marcia contro ostacolo fisso;Rettilineo;Una carreggiata a doppio senso;Asciutto;Asfaltata;Assente;Sereno;Scarso;Buona;Ore Diurne;0;0;0;1;12.4145;41.8949;-1;1;Autocarro inferiore 35 q.;In marcia / fermata / arresto;Conducente;M;Illeso;0;;;
4044307;6;19/10/2018 01:30:00;Strada Urbana;VIA LEONARDO BUFALINI;in prossimità;;del civico n.;37;;Veicolo in marcia contro veicolo in sosta;Rettilineo;Due carreggiate;Asciutto;Asfaltata;Verticale ed orizzontale;Sereno;Scarso;Buona;Sufficiente;1;0;0;0;12.5388;41.8826;-1;1;Motociclo a solo;In marcia / fermata / arresto;Conducente;M;Rimandato;0;NON DECEDUTO;;
4044309;11;18/10/2018 08:00:00;Strada Urbana;VIA COSTANTINO;in corrispondenza;;del civico n.;137;;Scontro laterale fra veicoli in marcia;Rettilineo;Una carreggiata a doppio senso;Asciutto;Asfaltata;Orizzontale;Sereno;Scarso;Buona;Ore Diurne;1;0;0;1;12.4827;41.8575;-1;1;Autovettura privata;In marcia / fermata / arresto;Conducente;F;Illeso;0;;;
4044309;11;18/10/2018 08:00:00;Strada Urbana;VIA COSTANTINO;in corrispondenza;;del civico n.;137;;Scontro laterale fra veicoli in marcia;Rettilineo;Una carreggiata a doppio senso;Asciutto;Asfaltata;Orizzontale;Sereno;Scarso;Buona;Ore Diurne;1;0;0;1;12.4827;41.8575;-1;2;Motociclo a solo;In marcia / fermata / arresto;Conducente;M;Rimandato;0;NON DECEDUTO;;
4044310;20;18/10/2018 08:05:00;Strada Urbana;VIA DELLA FARNESINA;da specificare;;;;corrisp. Via Cassia;Scontro frontale/laterale SX fra veicoli in marcia;Curva a visuale libera;Una carreggiata a doppio senso;Asciutto;Asfaltata;Verticale ed orizzontale;Sereno;Normale;Buona;Ore Diurne;1;0;0;2;12.4659;41.9379;-1;1;Autovettura privata;In marcia / fermata / arresto;Conducente;M;Illeso;0;;;
4044310;20;18/10/2018 08:05:00;Strada Urbana;VIA DELLA FARNESINA;da specificare;;;;corrisp. Via Cassia;Scontro frontale/laterale SX fra veicoli in marcia;Curva a visuale libera;Una carreggiata a doppio senso;Asciutto;Asfaltata;Verticale ed orizzontale;Sereno;Normale;Buona;Ore Diurne;1;0;0;2;12.4659;41.9379;-1;1;Autovettura privata;In marcia / fermata / arresto;Passeggero;F;Illeso;0;;;Inesploso
4044310;20;18/10/2018 08:05:00;Strada Urbana;VIA DELLA FARNESINA;da specificare;;;;corrisp. Via Cassia;Scontro frontale/laterale SX fra veicoli in marcia;Curva a visuale libera;Una carreggiata a doppio senso;Asciutto;Asfaltata;Verticale ed orizzontale;Sereno;Normale;Buona;Ore Diurne;1;0;0;2;12.4659;41.9379;-1;2;Motociclo a solo;In marcia / fermata / arresto;Conducente;M;Rimandato;0;NON DECEDUTO;;
4044318;11;18/10/2018 09:50:00;Strada Urbana;VIA ATTILIO AMBROSINI;all'intersezione semaforizzata con;VIA ARISTIDE LEONORI;VIA ARISTIDE LEONORI;;;Investimento di pedone;Incrocio;Due carreggiate;Asciutto;Asfaltata;Verticale ed orizzontale;Sereno;Normale;Buona;Ore Diurne;1;0;0;1;12.4892;41.8485;-1;;;;Pedone;F;Rifiuta cure immediate;0;NON DECEDUTO;;
4044318;11;18/10/2018 09:50:00;Strada Urbana;VIA ATTILIO AMBROSINI;all'intersezione semaforizzata con;VIA ARISTIDE LEONORI;VIA ARISTIDE LEONORI;;;Investimento di pedone;Incrocio;Due carreggiate;Asciutto;Asfaltata;Verticale ed orizzontale;Sereno;Normale;Buona;Ore Diurne;1;0;0;1;12.4892;41.8485;-1;1;Autovettura privata;In marcia / fermata / arresto;Conducente;M;Illeso;0;;;
4044327;16;18/10/2018 10:15:00;Strada Urbana;VIALE DEI QUATTRO VENTI;in prossimità;;del civico n.;152/F;;Scontro laterale fra veicoli in marcia;Rettilineo;Una carreggiata a doppio senso;Asciutto;Asfaltata;Orizzontale;Sereno;Normale;Buona;Ore Diurne;0;0;0;2;12.4583;41.8794;-1;1;Autovettura privata;In marcia / fermata / arresto;Conducente;M;Illeso;0;;Non accertato;
4044327;16;18/10/2018 10:15:00;Strada Urbana;VIALE DEI QUATTRO VENTI;in prossimità;;del civico n.;152/F;;Scontro laterale fra veicoli in marcia;Rettilineo;Una carreggiata a doppio senso;Asciutto;Asfaltata;Orizzontale;Sereno;Normale;Buona;Ore Diurne;0;0;0;2;12.4583;41.8794;-1;2;Autovettura privata;In marcia / fermata / arresto;Conducente;M;Illeso;0;;Non accertato;
4044329;8;19/10/2018 05:10:00;Strada Urbana;VIALE DELLA SORBONA;in prossimità;;del palo luce n.;71;;Veicolo in marcia contro ostacolo fisso;Rotatoria;Una carreggiata a senso unico di marcia;Asciutto;Asfaltata;Verticale ed orizzontale;Sereno;Scarso;Sufficiente;Sufficiente;1;0;0;0;12.612;41.8546;-1;1;Autovettura privata;In marcia / fermata / arresto;Conducente;M;Rimandato;0;NON DECEDUTO;Non accertato;Inesploso
4044331;16;17/10/2018 13:45:00;Strada Urbana;VIA DI MONTE VERDE;in corrispondenza;;del civico n.;59;;Veicolo in marcia contro veicolo in sosta;Rettilineo;Una carreggiata a doppio senso;Asciutto;Asfaltata;Verticale ed orizzontale;Sereno;Scarso;Buona;Ore Diurne;0;0;0;1;12.4472;41.8701;-1;1;Autovettura privata;In marcia / fermata / arresto;Conducente;F;Illeso;0;;Non accertato;
4044333;11;18/10/2018 19:35:00;Strada Urbana;VIA OSTIENSE;all'intersezione semaforizzata con;VIA FRANCESCO NEGRI;VIA FRANCESCO NEGRI;;;Scontro frontale/laterale DX fra veicoli in marcia;Intersezione semaforizzata;Più di due carreggiate;Asciutto;Asfaltata;Verticale ed orizzontale;Sereno;Normale;Buona;Sufficiente;1;0;0;2;12.48;41.8706;-1;1;Autovettura privata;In marcia / fermata / arresto;Conducente;F;Illeso;0;;Non accertato;Esploso
4044333;11;18/10/2018 19:35:00;Strada Urbana;VIA OSTIENSE;all'intersezione semaforizzata con;VIA FRANCESCO NEGRI;VIA FRANCESCO NEGRI;;;Scontro frontale/laterale DX fra veicoli in marcia;Intersezione semaforizzata;Più di due carreggiate;Asciutto;Asfaltata;Verticale ed orizzontale;Sereno;Normale;Buona;Sufficiente;1;0;0;2;12.48;41.8706;-1;1;Autovettura privata;In marcia / fermata / arresto;Passeggero;F;Illeso;0;;;Esploso
4044333;11;18/10/2018 19:35:00;Strada Urbana;VIA OSTIENSE;all'intersezione semaforizzata con;VIA FRANCESCO NEGRI;VIA FRANCESCO NEGRI;;;Scontro frontale/laterale DX fra veicoli in marcia;Intersezione semaforizzata;Più di due carreggiate;Asciutto;Asfaltata;Verticale ed orizzontale;Sereno;Normale;Buona;Sufficiente;1;0;0;2;12.48;41.8706;-1;2;Motociclo a solo;In marcia / fermata / arresto;Conducente;M;Ricoverato;0;NON DECEDUTO;;
4044334;1;19/10/2018 05:10:00;Strada Urbana;PIAZZA SIDNEY SONNINO;da specificare;;;;in prossimità del fronte civico 15;Scontro frontale fra veicoli in marcia;Rettilineo;Più di due carreggiate;Asciutto;Asfaltata;Verticale ed orizzontale;Sereno;Scarso;Buona;Sufficiente;2;0;0;0;12.474;41.8892;-1;1;Ciclomotore;In marcia / fermata / arresto;Conducente;M;Ricoverato;0;NON DECEDUTO;Non accertato;
4044334;1;19/10/2018 05:10:00;Strada Urbana;PIAZZA SIDNEY SONNINO;da specificare;;;;in prossimità del fronte civico 15;Scontro frontale fra veicoli in marcia;Rettilineo;Più di due carreggiate;Asciutto;Asfaltata;Verticale ed orizzontale;Sereno;Scarso;Buona;Sufficiente;2;0;0;0;12.474;41.8892;-1;1;Ciclomotore;In marcia / fermata / arresto;Passeggero;M;Ricoverato;0;NON DECEDUTO;Non accertato;
4044336;20;18/10/2018 09:00:00;Strada Urbana;VIA LUISA SPAGNOLI;da specificare;;;;prossimità Via Vivi Gioi;Scontro laterale fra veicoli in marcia;Rettilineo;Una carreggiata a doppio senso;Asciutto;Asfaltata;Orizzontale;Sereno;Scarso;Buona;Ore Diurne;0;0;0;3;12.4006;41.9618;-1;1;Autovettura privata;In marcia / fermata / arresto;Conducente;M;Illeso;0;;Non accertato;Inesploso
4044336;20;18/10/2018 09:00:00;Strada Urbana;VIA LUISA SPAGNOLI;da specificare;;;;prossimità Via Vivi Gioi;Scontro laterale fra veicoli in marcia;Rettilineo;Una carreggiata a doppio senso;Asciutto;Asfaltata;Orizzontale;Sereno;Scarso;Buona;Ore Diurne;0;0;0;3;12.4006;41.9618;-1;2;Autovettura di polizia;In marcia / fermata / arresto;Conducente;M;Illeso;0;;Non accertato;Inesploso
4044336;20;18/10/2018 09:00:00;Strada Urbana;VIA LUISA SPAGNOLI;da specificare;;;;prossimità Via Vivi Gioi;Scontro laterale fra veicoli in marcia;Rettilineo;Una carreggiata a doppio senso;Asciutto;Asfaltata;Orizzontale;Sereno;Scarso;Buona;Ore Diurne;0;0;0;3;12.4006;41.9618;-1;2;Autovettura di polizia;In marcia / fermata / arresto;Passeggero;M;Illeso;0;;Non accertato;Inesploso
4044338;11;18/10/2018 13:15:00;Strada Urbana;VIA MARCO E MARCELLIANO;all'intersezione con;VIA DI S. PETRONILLA;VIA DI S. PETRONILLA;;;Scontro frontale/laterale SX fra veicoli in marcia;Intersezione stradale segnalata;Una carreggiata a doppio senso;Asciutto;Asfaltata;Verticale ed orizzontale;Sereno;Scarso;Buona;Ore Diurne;1;0;0;1;12.4999;41.8577;-1;1;Autovettura privata;In marcia / fermata / arresto;Conducente;M;Illeso;0;;Non accertato;
4044338;11;18/10/2018 13:15:00;Strada Urbana;VIA MARCO E MARCELLIANO;all'intersezione con;VIA DI S. PETRONILLA;VIA DI S. PETRONILLA;;;Scontro frontale/laterale SX fra veicoli in marcia;Intersezione stradale segnalata;Una carreggiata a doppio senso;Asciutto;Asfaltata;Verticale ed orizzontale;Sereno;Scarso;Buona;Ore Diurne;1;0;0;1;12.4999;41.8577;-1;2;Autovettura privata;In marcia / fermata / arresto;Conducente;F;Rimandato;0;NON DECEDUTO;Non accertato;
4044345;12;18/10/2018 10:20:00;Regionale entro l'abitato;VIA PONTINA;all'intersezione semaforizzata con;PIAZZALE VENTICINQUE MARZO 1957;PIAZZALE VENTICINQUE MARZO 1957;;;Tamponamento;Intersezione semaforizzata;Due carreggiate;Asciutto;Asfaltata;Verticale ed orizzontale;Sereno;Intenso;Buona;Ore Diurne;0;0;0;1;12.4627;41.8178;-1;1;Autovettura privata;In marcia / fermata / arresto;Conducente;M;Illeso;0;;;
4044357;20;18/10/2018 19:20:00;Statale entro l'abitato;VIA CASSIA;all'intersezione con;VIA FRANCESCO SERRITELLI;VIA FRANCESCO SERRITELLI;;;Scontro frontale/laterale SX fra veicoli in marcia;Incrocio;Una carreggiata a doppio senso;Asciutto;Asfaltata;Verticale ed orizzontale;Sereno;Normale;Buona;Sufficiente;0;0;0;2;12.3767;42.0174;-1;1;Autovettura privata;In marcia / fermata / arresto;Conducente;M;Illeso;0;;;
4044357;20;18/10/2018 19:20:00;Statale entro l'abitato;VIA CASSIA;all'intersezione con;VIA FRANCESCO SERRITELLI;VIA FRANCESCO SERRITELLI;;;Scontro frontale/laterale SX fra veicoli in marcia;Incrocio;Una carreggiata a doppio senso;Asciutto;Asfaltata;Verticale ed orizzontale;Sereno;Normale;Buona;Sufficiente;0;0;0;2;12.3767;42.0174;-1;2;Motociclo a solo;In marcia / fermata / arresto;Conducente;M;Illeso;0;;;
4044359;16;18/10/2018 11:30:00;Strada Urbana;VIA FRATELLI BONNET;all'intersezione con;VIALE DELLE MURA GIANICOLENSI;VIALE DELLE MURA GIANICOLENSI;;;Veicolo in marcia contro veicoli in sosta;Incrocio;Una carreggiata a doppio senso;Asciutto;Asfaltata;Verticale ed orizzontale;Sereno;Normale;Buona;Ore Diurne;0;0;0;2;12.4601;41.8852;-1;1;Autovettura privata;In marcia / fermata / arresto;Conducente;F;Illeso;0;;Non accertato;
4044359;16;18/10/2018 11:30:00;Strada Urbana;VIA FRATELLI BONNET;all'intersezione con;VIALE DELLE MURA GIANICOLENSI;VIALE DELLE MURA GIANICOLENSI;;;Veicolo in marcia contro veicoli in sosta;Incrocio;Una carreggiata a doppio senso;Asciutto;Asfaltata;Verticale ed orizzontale;Sereno;Normale;Buona;Ore Diurne;0;0;0;2;12.4601;41.8852;-1;2;Autovettura privata;In marcia / fermata / arresto;Conducente;M;Illeso;0;;Non accertato;
4044364;4;18/10/2018 17:00:00;Strada Urbana;VIA SERVIGLIANO;in corrispondenza;;del civico n.;26;;Scontro laterale fra veicoli in marcia;Rettilineo;Una carreggiata a doppio senso;Asciutto;Asfaltata;Assente;Sereno;Scarso;Buona;Ore Diurne;2;0;0;2;12.5198;41.9807;-1;1;Autovettura privata;In marcia / fermata / arresto;Conducente;M;Illeso;0;;Non accertato;
4044364;4;18/10/2018 17:00:00;Strada Urbana;VIA SERVIGLIANO;in corrispondenza;;del civico n.;26;;Scontro laterale fra veicoli in marcia;Rettilineo;Una carreggiata a doppio senso;Asciutto;Asfaltata;Assente;Sereno;Scarso;Buona;Ore Diurne;2;0;0;2;12.5198;41.9807;-1;2;Autovettura privata;In marcia / fermata / arresto;Conducente;F;Rifiuta cure immediate;0;NON DECEDUTO;Non accertato;
4044364;4;18/10/2018 17:00:00;Strada Urbana;VIA SERVIGLIANO;in corrispondenza;;del civico n.;26;;Scontro laterale fra veicoli in marcia;Rettilineo;Una carreggiata a doppio senso;Asciutto;Asfaltata;Assente;Sereno;Scarso;Buona;Ore Diurne;2;0;0;2;12.5198;41.9807;-1;2;Autovettura privata;In marcia / fermata / arresto;Passeggero;F;Rifiuta cure immediate;0;NON DECEDUTO;Non accertato;
4044364;4;18/10/2018 17:00:00;Strada Urbana;VIA SERVIGLIANO;in corrispondenza;;del civico n.;26;;Scontro laterale fra veicoli in marcia;Rettilineo;Una carreggiata a doppio senso;Asciutto;Asfaltata;Assente;Sereno;Scarso;Buona;Ore Diurne;2;0;0;2;12.5198;41.9807;-1;2;Autovettura privata;In marcia / fermata / arresto;Passeggero;M;Illeso;0;;Non accertato;
4044367;4;18/10/2018 21:50:00;Strada Urbana;VIA UGO OJETTI;all'intersezione con;PIAZZA GIUSEPPE PRIMOLI;PIAZZA GIUSEPPE PRIMOLI;;;Scontro frontale/laterale DX fra veicoli in marcia;Incrocio;Più di due carreggiate;Asciutto;Asfaltata;Verticale ed orizzontale;Sereno;Scarso;Insufficiente;Sufficiente;0;0;0;4;12.555;41.9477;-1;1;Autovettura privata;In marcia / fermata / arresto;Conducente;M;Illeso;0;;Non accertato;Esploso
4044367;4;18/10/2018 21:50:00;Strada Urbana;VIA UGO OJETTI;all'intersezione con;PIAZZA GIUSEPPE PRIMOLI;PIAZZA GIUSEPPE PRIMOLI;;;Scontro frontale/laterale DX fra veicoli in marcia;Incrocio;Più di due carreggiate;Asciutto;Asfaltata;Verticale ed orizzontale;Sereno;Scarso;Insufficiente;Sufficiente;0;0;0;4;12.555;41.9477;-1;2;Autovettura privata;In marcia / fermata / arresto;Conducente;M;Illeso;0;;Non accertato;
4044367;4;18/10/2018 21:50:00;Strada Urbana;VIA UGO OJETTI;all'intersezione con;PIAZZA GIUSEPPE PRIMOLI;PIAZZA GIUSEPPE PRIMOLI;;;Scontro frontale/laterale DX fra veicoli in marcia;Incrocio;Più di due carreggiate;Asciutto;Asfaltata;Verticale ed orizzontale;Sereno;Scarso;Insufficiente;Sufficiente;0;0;0;4;12.555;41.9477;-1;2;Autovettura privata;In marcia / fermata / arresto;Passeggero;M;Illeso;0;;;
4044371;17;18/10/2018 07:00:00;Strada Urbana;CIRCONVALLAZIONE TRIONFALE;all'intersezione con;VIA BERNARDINO TELESIO;VIA BERNARDINO TELESIO;;;Scontro frontale/laterale DX fra veicoli in marcia;Intersezione semaforizzata;Due carreggiate;Asciutto;Asfaltata;Verticale ed orizzontale;Sereno;Normale;Buona;Ore Diurne;1;0;0;0;12.4497;41.9116;-1;2;Motociclo a solo;In marcia / fermata / arresto;Conducente;F;Rimandato;0;NON DECEDUTO;;
4044375;20;18/10/2018 07:10:00;Provinciale;VIA TIBERINA;in prossimità;;del civico n.;177;;Scontro frontale/laterale SX fra veicoli in marcia;Rettilineo;Una carreggiata a doppio senso;Asciutto;Asfaltata;Orizzontale;Sereno;Normale;Buona;Ore Diurne;0;0;0;2;12.5036;42.0146;-1;1;Autocarro inferiore 35 q.;In marcia / fermata / arresto;Conducente;M;Illeso;0;;;
4044375;20;18/10/2018 07:10:00;Provinciale;VIA TIBERINA;in prossimità;;del civico n.;177;;Scontro frontale/laterale SX fra veicoli in marcia;Rettilineo;Una carreggiata a doppio senso;Asciutto;Asfaltata;Orizzontale;Sereno;Normale;Buona;Ore Diurne;0;0;0;2;12.5036;42.0146;-1;2;Autovettura privata;In marcia / fermata / arresto;Conducente;M;Illeso;0;;;
4044380;11;18/10/2018 14:30:00;Strada Urbana;VIA NICOLA SPEDALIERI;in corrispondenza;;del civico n.;55;;Scontro laterale fra veicoli in marcia;Rettilineo;Una carreggiata a senso unico di marcia;Asciutto;Asfaltata;Verticale ed orizzontale;Sereno;Normale;Buona;Ore Diurne;1;0;0;1;12.4826;41.8424;-1;1;Veicolo speciale;In marcia / fermata / arresto;Conducente;M;Illeso;0;;;
4044380;11;18/10/2018 14:30:00;Strada Urbana;VIA NICOLA SPEDALIERI;in corrispondenza;;del civico n.;55;;Scontro laterale fra veicoli in marcia;Rettilineo;Una carreggiata a senso unico di marcia;Asciutto;Asfaltata;Verticale ed orizzontale;Sereno;Normale;Buona;Ore Diurne;1;0;0;1;12.4826;41.8424;-1;2;Motociclo a solo;In marcia / fermata / arresto;Conducente;M;Rifiuta cure immediate;0;NON DECEDUTO;;
4044386;4;18/10/2018 20:30:00;Strada Urbana;VIA ROSINA ANSELMI;all'intersezione con;VIA CARLO BERTINAZZI;VIA CARLO BERTINAZZI;;;Scontro frontale/laterale DX fra veicoli in marcia;Incrocio;Una carreggiata a doppio senso;Asciutto;Asfaltata;Verticale ed orizzontale;Sereno;Normale;Buona;Sufficiente;0;0;0;4;12.5331;41.9657;-1;1;Autovettura privata;In marcia / fermata / arresto;Conducente;M;Illeso;0;;Non accertato;Inesploso
4044386;4;18/10/2018 20:30:00;Strada Urbana;VIA ROSINA ANSELMI;all'intersezione con;VIA CARLO BERTINAZZI;VIA CARLO BERTINAZZI;;;Scontro frontale/laterale DX fra veicoli in marcia;Incrocio;Una carreggiata a doppio senso;Asciutto;Asfaltata;Verticale ed orizzontale;Sereno;Normale;Buona;Sufficiente;0;0;0;4;12.5331;41.9657;-1;1;Autovettura privata;In marcia / fermata / arresto;Passeggero;M;Illeso;0;;Non accertato;Inesistente
4044386;4;18/10/2018 20:30:00;Strada Urbana;VIA ROSINA ANSELMI;all'intersezione con;VIA CARLO BERTINAZZI;VIA CARLO BERTINAZZI;;;Scontro frontale/laterale DX fra veicoli in marcia;Incrocio;Una carreggiata a doppio senso;Asciutto;Asfaltata;Verticale ed orizzontale;Sereno;Normale;Buona;Sufficiente;0;0;0;4;12.5331;41.9657;-1;2;Autovettura privata;In marcia / fermata / arresto;Conducente;M;Illeso;0;;Non accertato;Inesploso
4044386;4;18/10/2018 20:30:00;Strada Urbana;VIA ROSINA ANSELMI;all'intersezione con;VIA CARLO BERTINAZZI;VIA CARLO BERTINAZZI;;;Scontro frontale/laterale DX fra veicoli in marcia;Incrocio;Una carreggiata a doppio senso;Asciutto;Asfaltata;Verticale ed orizzontale;Sereno;Normale;Buona;Sufficiente;0;0;0;4;12.5331;41.9657;-1;2;Autovettura privata;In marcia / fermata / arresto;Passeggero;F;Illeso;0;;Non accertato;Inesploso
4044388;12;18/10/2018 10:30:00;Strada Urbana;VIA FIUME GIALLO;in prossimità;;del civico n.;269;;Scontro laterale fra veicoli in marcia;Curva senza visuale libera;Una carreggiata a senso unico di marcia;Asciutto;Asfaltata;Verticale ed orizzontale;Sereno;Scarso;Buona;Ore Diurne;0;0;0;2;12.4336;41.8141;-1;1;Autobus di linea;In marcia / fermata / arresto;Conducente;M;Illeso;0;;Non accertato;Inesploso