Protocollo;Gruppo;DataOraIncidente;Localizzazione1;STRADA1;Localizzazione2;STRADA2;Strada02;Chilometrica;DaSpecificare;NaturaIncidente;particolaritastrade;TipoStrada;FondoStradale;Pavimentazione;Segnaletica;CondizioneAtmosferica;Traffico;Visibilita;Illuminazione;NUM_FERITI;NUM_RISERVATA;NUM_MORTI;NUM_ILLESI;Longitudine;Latitudine;Confermato;Progressivo;TipoVeicolo;StatoVeicolo;TipoPersona;Sesso;Tipolesione;Deceduto;DecedutoDopo;CinturaCascoUtilizzato;Airbag;
4048554;2;20/10/2018 00:10:00;Strada Urbana;LUNGOTEVERE FLAMINIO;da specificare;;;;alt. Ponte Duca D'Aosta;Tamponamento Multiplo;Rettilineo;Due carreggiate;Asciutto;Asfaltata;Verticale ed orizzontale;Sereno;Normale;Buona;Sufficiente;0;0;0;7;12.4661;41.9238;-1;3;Autovettura privata;In marcia / fermata / arresto;Passeggero;M;Illeso;0;;Non accertato;Inesploso
4048554;2;20/10/2018 00:10:00;Strada Urbana;LUNGOTEVERE FLAMINIO;da specificare;;;;alt. Ponte Duca D'Aosta;Tamponamento Multiplo;Rettilineo;Due carreggiate;Asciutto;Asfaltata;Verticale ed orizzontale;Sereno;Normale;Buona;Sufficiente;0;0;0;7;12.4661;41.9238;-1;3;Autovettura privata;In marcia / fermata / arresto;Passeggero;M;Illeso;0;;;
4048554;2;20/10/2018 00:10:00;Strada Urbana;LUNGOTEVERE FLAMINIO;da specificare;;;;alt. Ponte Duca D'Aosta;Tamponamento Multiplo;Rettilineo;Due carreggiate;Asciutto;Asfaltata;Verticale ed orizzontale;Sereno;Normale;Buona;Sufficiente;0;0;0;7;12.4661;41.9238;-1;3;Autovettura privata;In marcia / fermata / arresto;Passeggero;M;Illeso;0;;Non accertato;Inesploso
4048556;13;21/10/2018 22:55:00;Strada Urbana;VIA CAPO SPARTIVENTO;all'intersezione con;VIA ALESSANDRO PIOLA CASELLI;VIA ALESSANDRO PIOLA CASELLI;;;Scontro frontale/laterale DX fra veicoli in marcia;Incrocio;Due carreggiate;Bagnato (pioggia);Asfaltata;Verticale ed orizzontale;Pioggia in atto;Scarso;Sufficiente;Sufficiente;1;0;0;1;12.2862;41.7379;-1;1;Autovettura privata;In marcia / fermata / arresto;Conducente;M;Illeso;0;;Non accertato;Inesploso
4048556;13;21/10/2018 22:55:00;Strada Urbana;VIA CAPO SPARTIVENTO;all'intersezione con;VIA ALESSANDRO PIOLA CASELLI;VIA ALESSANDRO PIOLA CASELLI;;;Scontro frontale/laterale DX fra veicoli in marcia;Incrocio;Due carreggiate;Bagnato (pioggia);Asfaltata;Verticale ed orizzontale;Pioggia in atto;Scarso;Sufficiente;Sufficiente;1;0;0;1;12.2862;41.7379;-1;2;Autovettura privata;In marcia / fermata / arresto;Conducente;F;Rifiuta cure immediate;0;NON DECEDUTO;Non accertato;Inesploso
4048557;5;19/10/2018 13:50:00;Statale entro l'abitato;VIA TIBURTINA;in prossimità;;del civico n.;1210;;Scontro laterale fra veicoli in marcia;Rettilineo;Due carreggiate;Asciutto;Asfaltata;Verticale ed orizzontale;Sereno;Normale;Buona;Ore Diurne;0;0;0;2;12.6035;41.9337;-1;1;Autoarticolato;In marcia / fermata / arresto;Conducente;M;Illeso;0;;Non accertato;
4048557;5;19/10/2018 13:50:00;Statale entro l'abitato;VIA TIBURTINA;in prossimità;;del civico n.;1210;;Scontro laterale fra veicoli in marcia;Rettilineo;Due carreggiate;Asciutto;Asfaltata;Verticale ed orizzontale;Sereno;Normale;Buona;Ore Diurne;0;0;0;2;12.6035;41.9337;-1;2;Autovettura privata;In marcia / fermata / arresto;Conducente;M;Illeso;0;;Non accertato;
4048566;18;20/10/2018 04:30:00;Strada Urbana;VIA DI BOCCEA;all'intersezione con;VIA GREGORIO XI;VIA GREGORIO XI;;;Scontro frontale/laterale DX fra veicoli in marcia;Intersezione stradale segnalata;Una carreggiata a doppio senso;Asciutto;Asfaltata;Verticale ed orizzontale;Sereno;Scarso;Buona;Sufficiente;2;0;0;1;12.4067;41.892;-1;1;Autovettura privata;In marcia / fermata / arresto;Conducente;M;Rimandato;0;NON DECEDUTO;;
4048566;18;20/10/2018 04:30:00;Strada Urbana;VIA DI BOCCEA;all'intersezione con;VIA GREGORIO XI;VIA GREGORIO XI;;;Scontro frontale/laterale DX fra veicoli in marcia;Intersezione stradale segnalata;Una carreggiata a doppio senso;Asciutto;Asfaltata;Verticale ed orizzontale;Sereno;Scarso;Buona;Sufficiente;2;0;0;1;12.4067;41.892;-1;1;Autovettura privata;In marcia / fermata / arresto;Passeggero;F;Illeso;0;;Non accertato;
4048566;18;20/10/2018 04:30:00;Strada Urbana;VIA DI BOCCEA;all'intersezione con;VIA GREGORIO XI;VIA GREGORIO XI;;;Scontro frontale/laterale DX fra veicoli in marcia;Intersezione stradale segnalata;Una carreggiata a doppio senso;Asciutto;Asfaltata;Verticale ed orizzontale;Sereno;Scarso;Buona;Sufficiente;2;0;0;1;12.4067;41.892;-1;2;Autovettura pubblica;In marcia / fermata / arresto;Conducente;M;Rimandato;0;NON DECEDUTO;;
4048569;5;19/10/2018 15:50:00;Statale entro l'abitato;VIA TIBURTINA;in prossimità;;del civico n.;1210;;Scontro frontale fra veicoli in marcia;Rettilineo;Due carreggiate;Asciutto;Asfaltata;Verticale ed orizzontale;Sereno;Normale;Buona;Ore Diurne;0;0;0;2;12.6035;41.9337;-1;1;Veicolo speciale;In marcia / fermata / arresto;Conducente;M;Illeso;0;;Non accertato;
4048569;5;19/10/2018 15:50:00;Statale entro l'abitato;VIA TIBURTINA;in prossimità;;del civico n.;1210;;Scontro frontale fra veicoli in marcia;Rettilineo;Due carreggiate;Asciutto;Asfaltata;Verticale ed orizzontale;Sereno;Normale;Buona;Ore Diurne;0;0;0;2;12.6035;41.9337;-1;2;Autovettura privata;In marcia / fermata / arresto;Conducente;M;Illeso;0;;Non accertato;
4048574;1;21/10/2018 01:20:00;Strada Urbana;VIA NAPOLEONE III;all'intersezione semaforizzata con;VIA GIOBERTI;VIA GIOBERTI;;;Scontro frontale/laterale SX fra veicoli in marcia;Incrocio;Una carreggiata a senso unico di marcia;Asciutto;Asfaltata;Verticale ed orizzontale;Sereno;Scarso;Buona;Sufficiente;1;0;0;2;12.5017;41.8969;-1;1;Autovettura privata;In marcia / fermata / arresto;Conducente;F;Rifiuta cure immediate;0;NON DECEDUTO;Non accertato;
4048574;1;21/10/2018 01:20:00;Strada Urbana;VIA NAPOLEONE III;all'intersezione semaforizzata con;VIA GIOBERTI;VIA GIOBERTI;;;Scontro frontale/laterale SX fra veicoli in marcia;Incrocio;Una carreggiata a senso unico di marcia;Asciutto;Asfaltata;Verticale ed orizzontale;Sereno;Scarso;Buona;Sufficiente;1;0;0;2;12.5017;41.8969;-1;1;Autovettura privata;In marcia / fermata / arresto;Passeggero;M;Illeso;0;;Non accertato;
4048574;1;21/10/2018 01:20:00;Strada Urbana;VIA NAPOLEONE III;all'intersezione semaforizzata con;VIA GIOBERTI;VIA GIOBERTI;;;Scontro frontale/laterale SX fra veicoli in marcia;Incrocio;Una carreggiata a senso unico di marcia;Asciutto;Asfaltata;Verticale ed orizzontale;Sereno;Scarso;Buona;Sufficiente;1;0;0;2;12.5017;41.8969;-1;2;Autovettura privata;In marcia / fermata / arresto;Conducente;M;Illeso;0;;Non accertato;
4048581;13;20/10/2018 21:10:00;Strada Urbana;PIAZZA FRANCESCO CONTEDUCA;da specificare;;;;in prossimità di via F. Paolini;Veicolo in marcia contro ostacolo accidentale;Rettilineo;Due carreggiate;Asciutto;Asfaltata;Verticale ed orizzontale;Sereno;Normale;Buona;Sufficiente;0;0;0;1;12.2881;41.7357;-1;1;Autovettura privata;In marcia / fermata / arresto;Conducente;F;Illeso;0;;Non accertato;Inesploso
4048584;5;20/10/2018 18:00:00;Strada Urbana;VIA TINO BUAZZELLI;da specificare;;;;fronte civico 7;Veicolo in marcia contro veicolo in sosta;Rettilineo;Una carreggiata a doppio senso;Asciutto;Asfaltata;Verticale ed orizzontale;Sereno;Normale;Buona;Ore Diurne;0;0;0;2;12.568;41.9423;-1;1;Autovettura privata;Sosta;Passeggero;M;Illeso;0;;Non accertato;Inesploso
4048584;5;20/10/2018 18:00:00;Strada Urbana;VIA TINO BUAZZELLI;da specificare;;;;fronte civico 7;Veicolo in marcia contro veicolo in sosta;Rettilineo;Una carreggiata a doppio senso;Asciutto;Asfaltata;Verticale ed orizzontale;Sereno;Normale;Buona;Ore Diurne;0;0;0;2;12.568;41.9423;-1;2;Autovettura privata;In marcia / fermata / arresto;Conducente;F;Illeso;0;;Non accertato;Inesploso
4048589;19;20/10/2018 10:30:00;Strada Urbana;PIAZZA DELLA BALDUINA;in corrispondenza;;del civico n.;58;;Tamponamento;Rettilineo;Una carreggiata a senso unico di marcia;Asciutto;Asfaltata;Verticale ed orizzontale;Sereno;Normale;Buona;Ore Diurne;0;0;0;3;12.4412;41.9191;-1;1;Autocarro inferiore 35 q.;In marcia / fermata / arresto;Conducente;M;Illeso;0;;;
4048589;19;20/10/2018 10:30:00;Strada Urbana;PIAZZA DELLA BALDUINA;in corrispondenza;;del civico n.;58;;Tamponamento;Rettilineo;Una carreggiata a senso unico di marcia;Asciutto;Asfaltata;Verticale ed orizzontale;Sereno;Normale;Buona;Ore Diurne;0;0;0;3;12.4412;41.9191;-1;2;Autovettura privata;In marcia / fermata / arresto;Conducente;M;Illeso;0;;;
4048589;19;20/10/2018 10:30:00;Strada Urbana;PIAZZA DELLA BALDUINA;in corrispondenza;;del civico n.;58;;Tamponamento;Rettilineo;Una carreggiata a senso unico di marcia;Asciutto;Asfaltata;Verticale ed orizzontale;Sereno;Normale;Buona;Ore Diurne;0;0;0;3;12.4412;41.9191;-1;2;Autovettura privata;In marcia / fermata / arresto;Passeggero;F;Illeso;0;;Non accertato;
4048612;16;20/10/2018 04:10:00;Strada Urbana;CIRCONVALLAZIONE GIANICOLENSE;in corrispondenza;;del civico n.;62;;Veicolo in marcia contro veicoli in sosta;Curva a visuale libera;Più di due carreggiate;Asciutto;Asfaltata;Verticale;Sereno;Scarso;Buona;Sufficiente;0;0;0;2;12.4606;41.8729;-1;1;Autovettura privata;In marcia / fermata / arresto;Passeggero;F;Illeso;0;;Non accertato;
4048612;16;20/10/2018 04:10:00;Strada Urbana;CIRCONVALLAZIONE GIANICOLENSE;in corrispondenza;;del civico n.;62;;Veicolo in marcia contro veicoli in sosta;Curva a visuale libera;Più di due carreggiate;Asciutto;Asfaltata;Verticale;Sereno;Scarso;Buona;Sufficiente;0;0;0;2;12.4606;41.8729;-1;1;Autovettura privata;In marcia / fermata / arresto;Conducente;F;Illeso;0;;Non accertato;
4048613;1;21/10/2018 11:00:00;Strada Urbana;VIA AMERIGO VESPUCCI;all'intersezione con;VIA ANTONIO CECCHI;VIA ANTONIO CECCHI;;;Scontro frontale/laterale DX fra veicoli in marcia;Incrocio;Una carreggiata a senso unico di marcia;Asciutto;In cubetti di porfido;Verticale;Sereno;Scarso;Buona;Ore Diurne;0;0;0;2;12.4756;41.8818;-1;1;Autovettura pubblica;In marcia / fermata / arresto;Conducente;M;Illeso;0;;Non accertato;Inesploso
4048613;1;21/10/2018 11:00:00;Strada Urbana;VIA AMERIGO VESPUCCI;all'intersezione con;VIA ANTONIO CECCHI;VIA ANTONIO CECCHI;;;Scontro frontale/laterale DX fra veicoli in marcia;Incrocio;Una carreggiata a senso unico di marcia;Asciutto;In cubetti di porfido;Verticale;Sereno;Scarso;Buona;Ore Diurne;0;0;0;2;12.4756;41.8818;-1;2;Autovettura privata;In marcia / fermata / arresto;Conducente;M;Illeso;0;;;
4048618;5;20/10/2018 18:15:00;Strada Urbana;VIA FILIPPO MEDA;all'intersezione semaforizzata con;VIA DEI MONTI TIBURTINI;VIA DEI MONTI TIBURTINI;;;Scontro laterale fra veicoli in marcia;Incrocio;Una carreggiata a doppio senso;Asciutto;Asfaltata;Verticale ed orizzontale;Sereno;Normale;Buona;Sufficiente;0;0;0;2;12.5475;41.9156;-1;1;Autovettura privata;In marcia / fermata / arresto;Conducente;F;Illeso;0;;Non accertato;
4048618;5;20/10/2018 18:15:00;Strada Urbana;VIA FILIPPO MEDA;all'intersezione semaforizzata con;VIA DEI MONTI TIBURTINI;VIA DEI MONTI TIBURTINI;;;Scontro laterale fra veicoli in marcia;Incrocio;Una carreggiata a doppio senso;Asciutto;Asfaltata;Verticale ed orizzontale;Sereno;Normale;Buona;Sufficiente;0;0;0;2;12.5475;41.9156;-1;2;Autovettura privata;In marcia / fermata / arresto;Conducente;M;Illeso;0;;Non accertato;
4048624;5;20/10/2018 22:00:00;Strada Urbana;VIA VILLABATE;in prossimità;;del civico n.;191;;Tamponamento;Rettilineo;Una carreggiata a doppio senso;Asciutto;Asfaltata;Verticale ed orizzontale;Sereno;Normale;Sufficiente;Sufficiente;2;0;0;1;12.6489;41.8682;-1;1;Autovettura privata;In marcia / fermata / arresto;Conducente;M;Rimandato;0;NON DECEDUTO;Non accertato;Inesploso
4048624;5;20/10/2018 22:00:00;Strada Urbana;VIA VILLABATE;in prossimità;;del civico n.;191;;Tamponamento;Rettilineo;Una carreggiata a doppio senso;Asciutto;Asfaltata;Verticale ed orizzontale;Sereno;Normale;Sufficiente;Sufficiente;2;0;0;1;12.6489;41.8682;-1;1;Autovettura privata;In marcia / fermata / arresto;Passeggero;M;Rimandato;0;NON DECEDUTO;Non accertato;Inesploso
4048624;5;20/10/2018 22:00:00;Strada Urbana;VIA VILLABATE;in prossimità;;del civico n.;191;;Tamponamento;Rettilineo;Una carreggiata a doppio senso;Asciutto;Asfaltata;Verticale ed orizzontale;Sereno;Normale;Sufficiente;Sufficiente;2;0;0;1;12.6489;41.8682;-1;2;Autovettura privata;In marcia / fermata / arresto;Conducente;M;Illeso;0;;Non accertato;Esploso
4048627;17;20/10/2018 17:20:00;Strada Urbana;PIAZZALE DEGLI EROI;all'intersezione semaforizzata con;VIALE DELLE MEDAGLIE D'ORO;VIALE DELLE MEDAGLIE D'ORO;;;Scontro frontale/laterale DX fra veicoli in marcia;Intersezione semaforizzata;Due carreggiate;Asciutto;Asfaltata;Verticale ed orizzontale;Sereno;Normale;Buona;Ore Diurne;0;0;0;2;12.4485;41.9096;-1;1;Motociclo a solo;In marcia / fermata / arresto;Conducente;M;Illeso;0;;;
4048627;17;20/10/2018 17:20:00;Strada Urbana;PIAZZALE DEGLI EROI;all'intersezione semaforizzata con;VIALE DELLE MEDAGLIE D'ORO;VIALE DELLE MEDAGLIE D'ORO;;;Scontro frontale/laterale DX fra veicoli in marcia;Intersezione semaforizzata;Due carreggiate;Asciutto;Asfaltata;Verticale ed orizzontale;Sereno;Normale;Buona;Ore Diurne;0;0;0;2;12.4485;41.9096;-1;2;Autovettura privata;In marcia / fermata / arresto;Conducente;M;Illeso;0;;;
4048628;5;20/10/2018 19:10:00;Strada Urbana;VIA BELMONTE IN SABINA;da specificare;;;;alt. inversione di marcia dir. Centrale d. Latte;Scontro laterale fra veicoli in marcia;Rettilineo;Due carreggiate;Asciutto;Asfaltata;Verticale ed orizzontale;Sereno;Normale;Sufficiente;Insufficiente;0;0;0;2;12.5937;41.9465;-1;1;Autovettura privata;In marcia / fermata / arresto;Conducente;F;Illeso;0;;Non accertato;Inesploso
4048628;5;20/10/2018 19:10:00;Strada Urbana;VIA BELMONTE IN SABINA;da specificare;;;;alt. inversione di marcia dir. Centrale d. Latte;Scontro laterale fra veicoli in marcia;Rettilineo;Due carreggiate;Asciutto;Asfaltata;Verticale ed orizzontale;Sereno;Normale;Sufficiente;Insufficiente;0;0;0;2;12.5937;41.9465;-1;2;Autovettura privata;In marcia / fermata / arresto;Conducente;M;Illeso;0;;Non accertato;Inesploso
4048634;13;21/10/2018 13:40:00;Strada Urbana;LUNGOMARE AMERIGO VESPUCCI;in corrispondenza;;del civico n.;112;;Scontro frontale/laterale DX fra veicoli in marcia;Rettilineo;Due carreggiate;Asciutto;Asfaltata;Orizzontale;Sereno;Normale;Buona;Ore Diurne;0;0;0;2;12.3355;41.7066;-1;1;Autovettura privata;In marcia / fermata / arresto;Conducente;M;Illeso;0;;Non accertato;Inesploso
4048634;13;21/10/2018 13:40:00;Strada Urbana;LUNGOMARE AMERIGO VESPUCCI;in corrispondenza;;del civico n.;112;;Scontro frontale/laterale DX fra veicoli in marcia;Rettilineo;Due carreggiate;Asciutto;Asfaltata;Orizzontale;Sereno;Normale;Buona;Ore Diurne;0;0;0;2;12.3355;41.7066;-1;2;Autovettura privata;In marcia / fermata / arresto;Conducente;F;Illeso;0;;Non accertato;Inesploso
4048644;13;21/10/2018 20:10:00;Strada Urbana;VIA DI CASTEL FUSANO;da specificare;;;;PROSSIMITà ALBERO N. 7679;Veicolo in marcia contro ostacolo accidentale;Rettilineo;Una carreggiata a doppio senso;Bagnato (pioggia);Asfaltata;Orizzontale;Pioggia in atto;Normale;Buona;Sufficiente;0;0;0;4;12.3119;41.746;-1;1;Autovettura privata;In marcia / fermata / arresto;Conducente;M;Illeso;0;;;
4048644;13;21/10/2018 20:10:00;Strada Urbana;VIA DI CASTEL FUSANO;da specificare;;;;PROSSIMITà ALBERO N. 7679;Veicolo in marcia contro ostacolo accidentale;Rettilineo;Una carreggiata a doppio senso;Bagnato (pioggia);Asfaltata;Orizzontale;Pioggia in atto;Normale;Buona;Sufficiente;0;0;0;4;12.3119;41.746;-1;1;Autovettura privata;In marcia / fermata / arresto;Passeggero;F;Illeso;0;;;
4048644;13;21/10/2018 20:10:00;Strada Urbana;VIA DI CASTEL FUSANO;da specificare;;;;PROSSIMITà ALBERO N. 7679;Veicolo in marcia contro ostacolo accidentale;Rettilineo;Una carreggiata a doppio senso;Bagnato (pioggia);Asfaltata;Orizzontale;Pioggia in atto;Normale;Buona;Sufficiente;0;0;0;4;12.3119;41.746;-1;1;Autovettura privata;In marcia / fermata / arresto;Passeggero;F;Illeso;0;;;
4048644;13;21/10/2018 20:10:00;Strada Urbana;VIA DI CASTEL FUSANO;da specificare;;;;PROSSIMITà ALBERO N. 7679;Veicolo in marcia contro ostacolo accidentale;Rettilineo;Una carreggiata a doppio senso;Bagnato (pioggia);Asfaltata;Orizzontale;Pioggia in atto;Normale;Buona;Sufficiente;0;0;0;4;12.3119;41.746;-1;1;Autovettura privata;In marcia / fermata / arresto;Passeggero;M;Illeso;0;;;
4048679;19;22/10/2018 07:40:00;Comunale extraurbana;VIA DELLA STORTA;in prossimità;;del civico n.;804;;Scontro laterale fra veicoli in marcia;Curva senza visuale libera;Una carreggiata a doppio senso;Bagnato (pioggia);Asfaltata;Orizzontale;Nuvoloso;Scarso;Buona;Ore Diurne;0;0;0;2;12.3748;41.9978;-1;1;Autocarro inferiore 35 q.;In marcia / fermata / arresto;Conducente;M;Illeso;0;;;
4048679;19;22/10/2018 07:40:00;Comunale extraurbana;VIA DELLA STORTA;in prossimità;;del civico n.;804;;Scontro laterale fra veicoli in marcia;Curva senza visuale libera;Una carreggiata a doppio senso;Bagnato (pioggia);Asfaltata;Orizzontale;Nuvoloso;Scarso;Buona;Ore Diurne;0;0;0;2;12.3748;41.9978;-1;2;Autovettura privata;In marcia / fermata / arresto;Conducente;M;Illeso;0;;;
4048690;12;20/10/2018 14:15:00;Strada Urbana;VIA DI MEZZOCAMMINO;da specificare;;;;prossimita' via G. Mengoni;Scontro frontale/laterale SX fra veicoli in marcia;Rettilineo;Una carreggiata a doppio senso;Asciutto;Asfaltata;Assente;Sereno;Normale;Buona;Ore Diurne;3;0;0;0;12.4375;41.79;-1;1;Autovettura privata;In marcia / fermata / arresto;Conducente;M;Rimandato;0;NON DECEDUTO;Non accertato;Inesploso
4048690;12;20/10/2018 14:15:00;Strada Urbana;VIA DI MEZZOCAMMINO;da specificare;;;;prossimita' via G. Mengoni;Scontro frontale/laterale SX fra veicoli in marcia;Rettilineo;Una carreggiata a doppio senso;Asciutto;Asfaltata;Assente;Sereno;Normale;Buona;Ore Diurne;3;0;0;0;12.4375;41.79;-1;1;Autovettura privata;In marcia / fermata / arresto;Passeggero;M;Rimandato;0;NON DECEDUTO;Utilizzato;Inesploso
4048690;12;20/10/2018 14:15:00;Strada Urbana;VIA DI MEZZOCAMMINO;da specificare;;;;prossimita' via G. Mengoni;Scontro frontale/laterale SX fra veicoli in marcia;Rettilineo;Una carreggiata a doppio senso;Asciutto;Asfaltata;Assente;Sereno;Normale;Buona;Ore Diurne;3;0;0;0;12.4375;41.79;-1;2;Autovettura privata;In marcia / fermata / arresto;Conducente;M;Rimandato;0;NON DECEDUTO;Utilizzato;
4048691;18;19/10/2018 07:55:00;Strada Urbana;VIA DI CASAL SELCE;in prossimità;;del civico n.;423;;Scontro frontale/laterale SX fra veicoli in marcia;Rettilineo;Una carreggiata a doppio senso;Asciutto;Asfaltata;Verticale ed orizzontale;Sereno;Normale;Buona;Ore Diurne;1;0;0;1;12.3531;41.9188;-1;1;Ciclomotore;In marcia / fermata / arresto;Conducente;F;Rifiuta cure immediate;0;NON DECEDUTO;Non accertato;
4048691;18;19/10/2018 07:55:00;Strada Urbana;VIA DI CASAL SELCE;in prossimità;;del civico n.;423;;Scontro frontale/laterale SX fra veicoli in marcia;Rettilineo;Una carreggiata a doppio senso;Asciutto;Asfaltata;Verticale ed orizzontale;Sereno;Normale;Buona;Ore Diurne;1;0;0;1;12.3531;41.9188;-1;2;Autovettura privata;In marcia / fermata / arresto;Conducente;M;Illeso;0;;;
4048701;16;19/10/2018 21:40:00;Strada Urbana;VIA PORTUENSE;in prossimità;;del civico n.;21;;Scontro frontale/laterale DX fra veicoli in marcia;Rettilineo;Una carreggiata a doppio senso;Asciutto;Asfaltata;Orizzontale;Sereno;Scarso;Buona;Sufficiente;1;0;0;3;12.4725;41.8825;-1;1;Autovettura privata;In marcia / fermata / arresto;Conducente;F;Illeso;0;;Non accertato;
4048701;16;19/10/2018 21:40:00;Strada Urbana;VIA PORTUENSE;in prossimità;;del civico n.;21;;Scontro frontale/laterale DX fra veicoli in marcia;Rettilineo;Una carreggiata a doppio senso;Asciutto;Asfaltata;Orizzontale;Sereno;Scarso;Buona;Sufficiente;1;0;0;3;12.4725;41.8825;-1;1;Autovettura privata;In marcia / fermata / arresto;Passeggero;F;Illeso;0;;Non accertato;
4048701;16;19/10/2018 21:40:00;Strada Urbana;VIA PORTUENSE;in prossimità;;del civico n.;21;;Scontro frontale/laterale DX fra veicoli in marcia;Rettilineo;Una carreggiata a doppio senso;Asciutto;Asfaltata;Orizzontale;Sereno;Scarso;Buona;Sufficiente;1;0;0;3;12.4725;41.8825;-1;2;Motociclo con passeggero;In marcia / fermata / arresto;Conducente;M;Illeso;0;;Non accertato;
4048701;16;19/10/2018 21:40:00;Strada Urbana;VIA PORTUENSE;in prossimità;;del civico n.;21;;Scontro frontale/laterale DX fra veicoli in marcia;Rettilineo;Una carreggiata a doppio senso;Asciutto;Asfaltata;Orizzontale;Sereno;Scarso;Buona;Sufficiente;1;0;0;3;12.4725;41.8825;-1;2;Motociclo con passeggero;In marcia / fermata / arresto;Passeggero;M;Rimandato;0;NON DECEDUTO;Non accertato;
4048725;1;19/10/2018 13:40:00;Provinciale entro l'abitato;LUNGOTEVERE IN AUGUSTA;all'intersezione con;VIA FERDINANDO DI SAVOIA;VIA FERDINANDO DI SAVOIA;;;Scontro laterale fra veicoli in marcia;Intersezione semaforizzata;Due carreggiate;Bagnato (pioggia);Strada pavimentata dissestata;Assente;Sereno;Intenso;Sufficiente;Ore Diurne;0;0;0;3;12.4748;41.9076;-1;1;Autovettura privata;In marcia / fermata / arresto;Conducente;M;Illeso;0;;;
4048725;1;19/10/2018 13:40:00;Provinciale entro l'abitato;LUNGOTEVERE IN AUGUSTA;all'intersezione con;VIA FERDINANDO DI SAVOIA;VIA FERDINANDO DI SAVOIA;;;Scontro laterale fra veicoli in marcia;Intersezione semaforizzata;Due carreggiate;Bagnato (pioggia);Strada pavimentata dissestata;Assente;Sereno;Intenso;Sufficiente;Ore Diurne;0;0;0;3;12.4748;41.9076;-1;2;Autovettura privata;In marcia / fermata / arresto;Conducente;M;Illeso;0;;;
4048725;1;19/10/2018 13:40:00;Provinciale entro l'abitato;LUNGOTEVERE IN AUGUSTA;all'intersezione con;VIA FERDINANDO DI SAVOIA;VIA FERDINANDO DI SAVOIA;;;Scontro laterale fra veicoli in marcia;Intersezione semaforizzata;Due carreggiate;Bagnato (pioggia);Strada pavimentata dissestata;Assente;Sereno;Intenso;Sufficiente;Ore Diurne;0;0;0;3;12.4748;41.9076;-1;2;Autovettura privata;In marcia / fermata / arresto;Passeggero;M;Illeso;0;;;
4048730;17;22/10/2018 00:30:00;Strada Urbana;CIRCONVALLAZIONE TIBURTINA;da specificare;;;;(tangenziale)  svincolo per via Tiburtina;Tamponamento;Rettilineo;Una carreggiata a senso unico di marcia;Asciutto;Asfaltata;Verticale ed orizzontale;Nuvoloso;Scarso;Sufficiente;Sufficiente;1;0;0;5;12.528;41.8994;-1;1;Autovettura privata;In marcia / fermata / arresto;Conducente;F;Illeso;0;;;
4048730;17;22/10/2018 00:30:00;Strada Urbana;CIRCONVALLAZIONE TIBURTINA;da specificare;;;;(tangenziale)  svincolo per via Tiburtina;Tamponamento;Rettilineo;Una carreggiata a senso unico di marcia;Asciutto;Asfaltata;Verticale ed orizzontale;Nuvoloso;Scarso;Sufficiente;Sufficiente;1;0;0;5;12.528;41.8994;-1;1;Autovettura privata;In marcia / fermata / arresto;Passeggero;F;Illeso;0;;;
4048730;17;22/10/2018 00:30:00;Strada Urbana;CIRCONVALLAZIONE TIBURTINA;da specificare;;;;(tangenziale)  svincolo per via Tiburtina;Tamponamento;Rettilineo;Una carreggiata a senso unico di marcia;Asciutto;Asfaltata;Verticale ed orizzontale;Nuvoloso;Scarso;Sufficiente;Sufficiente;1;0;0;5;12.528;41.8994;-1;1;Autovettura privata;In marcia / fermata / arresto;Passeggero;F;Rimandato;0;NON DECEDUTO;;
4048730;17;22/10/2018 00:30:00;Strada Urbana;CIRCONVALLAZIONE TIBURTINA;da specificare;;;;(tangenziale)  svincolo per via Tiburtina;Tamponamento;Rettilineo;Una carreggiata a senso unico di marcia;Asciutto;Asfaltata;Verticale ed orizzontale;Nuvoloso;Scarso;Sufficiente;Sufficiente;1;0;0;5;12.528;41.8994;-1;1;Autovettura privata;In marcia / fermata / arresto;Passeggero;F;Illeso;0;;;
4048730;17;22/10/2018 00:30:00;Strada Urbana;CIRCONVALLAZIONE TIBURTINA;da specificare;;;;(tangenziale)  svincolo per via Tiburtina;Tamponamento;Rettilineo;Una carreggiata a senso unico di marcia;Asciutto;Asfaltata;Verticale ed orizzontale;Nuvoloso;Scarso;Sufficiente;Sufficiente;1;0;0;5;12.528;41.8994;-1;1;Autovettura privata;In marcia / fermata / arresto;Passeggero;F;Illeso;0;;;
4048730;17;22/10/2018 00:30:00;Strada Urbana;CIRCONVALLAZIONE TIBURTINA;da specificare;;;;(tangenziale)  svincolo per via Tiburtina;Tamponamento;Rettilineo;Una carreggiata a senso unico di marcia;Asciutto;Asfaltata;Verticale ed orizzontale;Nuvoloso;Scarso;Sufficiente;Sufficiente;1;0;0;5;12.528;41.8994;-1;2;Autovettura privata;In marcia / fermata / arresto;Conducente;F;Illeso;0;;;