Protocollo;Gruppo;DataOraIncidente;Localizzazione1;STRADA1;Localizzazione2;STRADA2;Strada02;Chilometrica;DaSpecificare;NaturaIncidente;particolaritastrade;TipoStrada;FondoStradale;Pavimentazione;Segnaletica;CondizioneAtmosferica;Traffico;Visibilita;Illuminazione;NUM_FERITI;NUM_RISERVATA;NUM_MORTI;NUM_ILLESI;Longitudine;Latitudine;Confermato;Progressivo;TipoVeicolo;StatoVeicolo;TipoPersona;Sesso;Tipolesione;Deceduto;DecedutoDopo;CinturaCascoUtilizzato;Airbag;
4048752;12;18/10/2018 16:45:00;Provinciale;VIA LAURENTINA;all'intersezione con;VIA DI CASTEL DI LEVA;VIA DI CASTEL DI LEVA;;;Scontro laterale fra veicoli in marcia;Rotatoria;Una carreggiata a senso unico di marcia;Asciutto;Asfaltata;Verticale ed orizzontale;Sereno;Normale;Buona;Ore Diurne;0;0;0;5;12.4827;41.7878;-1;1;Autovettura privata;In marcia / fermata / arresto;Conducente;M;Illeso;0;;Non accertato;Inesploso
4048752;12;18/10/2018 16:45:00;Provinciale;VIA LAURENTINA;all'intersezione con;VIA DI CASTEL DI LEVA;VIA DI CASTEL DI LEVA;;;Scontro laterale fra veicoli in marcia;Rotatoria;Una carreggiata a senso unico di marcia;Asciutto;Asfaltata;Verticale ed orizzontale;Sereno;Normale;Buona;Ore Diurne;0;0;0;5;12.4827;41.7878;-1;1;Autovettura privata;In marcia / fermata / arresto;Passeggero;F;Illeso;0;;Non accertato;Inesploso
4048752;12;18/10/2018 16:45:00;Provinciale;VIA LAURENTINA;all'intersezione con;VIA DI CASTEL DI LEVA;VIA DI CASTEL DI LEVA;;;Scontro laterale fra veicoli in marcia;Rotatoria;Una carreggiata a senso unico di marcia;Asciutto;Asfaltata;Verticale ed orizzontale;Sereno;Normale;Buona;Ore Diurne;0;0;0;5;12.4827;41.7878;-1;1;Autovettura privata;In marcia / fermata / arresto;Passeggero;F;Illeso;0;;Non accertato;Inesploso
4048752;12;18/10/2018 16:45:00;Provinciale;VIA LAURENTINA;all'intersezione con;VIA DI CASTEL DI LEVA;VIA DI CASTEL DI LEVA;;;Scontro laterale fra veicoli in marcia;Rotatoria;Una carreggiata a senso unico di marcia;Asciutto;Asfaltata;Verticale ed orizzontale;Sereno;Normale;Buona;Ore Diurne;0;0;0;5;12.4827;41.7878;-1;1;Autovettura privata;In marcia / fermata / arresto;Passeggero;F;Illeso;0;;Non accertato;Inesploso
4048752;12;18/10/2018 16:45:00;Provinciale;VIA LAURENTINA;all'intersezione con;VIA DI CASTEL DI LEVA;VIA DI CASTEL DI LEVA;;;Scontro laterale fra veicoli in marcia;Rotatoria;Una carreggiata a senso unico di marcia;Asciutto;Asfaltata;Verticale ed orizzontale;Sereno;Normale;Buona;Ore Diurne;0;0;0;5;12.4827;41.7878;-1;2;Autovettura privata;In marcia / fermata / arresto;Conducente;M;Illeso;0;;Utilizzato;Inesploso
4048753;6;19/10/2018 19:15:00;Strada Urbana;VIA FRANCESCO FERRAIRONI;in prossimità;;del civico n.;31/8;;Veicolo in marcia contro veicolo in sosta;Rettilineo;Una carreggiata a senso unico di marcia;Asciutto;Strada pavimentata dissestata;Verticale;Sereno;Scarso;Sufficiente;Sufficiente;1;0;0;1;12.5574;41.8787;-1;1;Autovettura privata;Sosta;Passeggero;F;Rifiuta cure immediate;0;NON DECEDUTO;;Inesploso
4048753;6;19/10/2018 19:15:00;Strada Urbana;VIA FRANCESCO FERRAIRONI;in prossimità;;del civico n.;31/8;;Veicolo in marcia contro veicolo in sosta;Rettilineo;Una carreggiata a senso unico di marcia;Asciutto;Strada pavimentata dissestata;Verticale;Sereno;Scarso;Sufficiente;Sufficiente;1;0;0;1;12.5574;41.8787;-1;2;Autovettura privata;In marcia / fermata / arresto;Conducente;F;Illeso;0;;;Inesploso
4048784;5;21/10/2018 19:40:00;Strada Urbana;VIA TIBURTINA;da specificare;;;;500MT. dopo GRA dir. Tivoli (alt. Benzinaio Q8);Veicolo in marcia contro ostacolo fisso;Rettilineo;Due carreggiate;Bagnato (pioggia);Asfaltata;Verticale ed orizzontale;Pioggia in atto;Normale;Sufficiente;Sufficiente;0;0;0;1;12.6036;41.9337;-1;1;Autovettura privata;In marcia / fermata / arresto;Conducente;F;Illeso;0;;Non accertato;Inesploso
4048792;12;19/10/2018 11:05:00;Strada Urbana;VIALE DEI CADUTI PER LA RESISTENZA;all'intersezione con;VIA DI MEZZOCAMMINO;VIA DI MEZZOCAMMINO;;;Investimento di pedone;Incrocio;Una carreggiata a senso unico di marcia;Asciutto;Asfaltata;Verticale ed orizzontale;Sereno;Normale;Buona;Ore Diurne;1;0;0;3;12.4473;41.792;-1;;;;Pedone;F;Rimandato;0;NON DECEDUTO;;
4048792;12;19/10/2018 11:05:00;Strada Urbana;VIALE DEI CADUTI PER LA RESISTENZA;all'intersezione con;VIA DI MEZZOCAMMINO;VIA DI MEZZOCAMMINO;;;Investimento di pedone;Incrocio;Una carreggiata a senso unico di marcia;Asciutto;Asfaltata;Verticale ed orizzontale;Sereno;Normale;Buona;Ore Diurne;1;0;0;3;12.4473;41.792;-1;1;Autovettura privata;In marcia / fermata / arresto;Conducente;M;Illeso;0;;Non accertato;Inesploso
4048792;12;19/10/2018 11:05:00;Strada Urbana;VIALE DEI CADUTI PER LA RESISTENZA;all'intersezione con;VIA DI MEZZOCAMMINO;VIA DI MEZZOCAMMINO;;;Investimento di pedone;Incrocio;Una carreggiata a senso unico di marcia;Asciutto;Asfaltata;Verticale ed orizzontale;Sereno;Normale;Buona;Ore Diurne;1;0;0;3;12.4473;41.792;-1;1;Autovettura privata;In marcia / fermata / arresto;Passeggero;F;Illeso;0;;Non accertato;Inesploso
4048792;12;19/10/2018 11:05:00;Strada Urbana;VIALE DEI CADUTI PER LA RESISTENZA;all'intersezione con;VIA DI MEZZOCAMMINO;VIA DI MEZZOCAMMINO;;;Investimento di pedone;Incrocio;Una carreggiata a senso unico di marcia;Asciutto;Asfaltata;Verticale ed orizzontale;Sereno;Normale;Buona;Ore Diurne;1;0;0;3;12.4473;41.792;-1;1;Autovettura privata;In marcia / fermata / arresto;Passeggero;F;Illeso;0;;Non accertato;Inesploso
4048794;13;21/10/2018 04:00:00;Strada Urbana;VIA UMBERTO GIORDANO;in corrispondenza;;del civico n.;114;;Veicolo in marcia contro veicoli in sosta;Rettilineo;Una carreggiata a doppio senso;Asciutto;Asfaltata;Assente;Sereno;Scarso;Buona;Sufficiente;0;0;0;4;12.36;41.7422;-1;1;Autovettura privata;In marcia / fermata / arresto;Conducente;F;Illeso;0;;Non accertato;Inesploso
4048794;13;21/10/2018 04:00:00;Strada Urbana;VIA UMBERTO GIORDANO;in corrispondenza;;del civico n.;114;;Veicolo in marcia contro veicoli in sosta;Rettilineo;Una carreggiata a doppio senso;Asciutto;Asfaltata;Assente;Sereno;Scarso;Buona;Sufficiente;0;0;0;4;12.36;41.7422;-1;1;Autovettura privata;In marcia / fermata / arresto;Passeggero;F;Illeso;0;;Non accertato;Inesploso
4048794;13;21/10/2018 04:00:00;Strada Urbana;VIA UMBERTO GIORDANO;in corrispondenza;;del civico n.;114;;Veicolo in marcia contro veicoli in sosta;Rettilineo;Una carreggiata a doppio senso;Asciutto;Asfaltata;Assente;Sereno;Scarso;Buona;Sufficiente;0;0;0;4;12.36;41.7422;-1;1;Autovettura privata;In marcia / fermata / arresto;Passeggero;F;Illeso;0;;Non accertato;Inesploso
4048796;5;21/10/2018 21:30:00;Strada Urbana;VIA ALBERTO BERGAMINI;da specificare;;;;sottopasso via F. Fiorentini dir. I. Giordani;Tamponamento;Rettilineo;Due carreggiate;Bagnato (umidità in atto);Asfaltata;Orizzontale;Nuvoloso;Normale;Sufficiente;Sufficiente;0;0;0;2;12.5566;41.9061;-1;1;Autovettura privata;In marcia / fermata / arresto;Conducente;M;Illeso;0;;Non accertato;Inesploso
4048796;5;21/10/2018 21:30:00;Strada Urbana;VIA ALBERTO BERGAMINI;da specificare;;;;sottopasso via F. Fiorentini dir. I. Giordani;Tamponamento;Rettilineo;Due carreggiate;Bagnato (umidità in atto);Asfaltata;Orizzontale;Nuvoloso;Normale;Sufficiente;Sufficiente;0;0;0;2;12.5566;41.9061;-1;2;Autovettura privata;In marcia / fermata / arresto;Conducente;M;Illeso;0;;Non accertato;Inesploso
4048797;12;20/10/2018 00:40:00;Provinciale;VIA LAURENTINA;da specificare;;;;km14,500 direzione Pomezia;Veicolo in marcia contro ostacolo accidentale;Rettilineo;Una carreggiata a doppio senso;Asciutto;Asfaltata;Verticale ed orizzontale;Sereno;Scarso;Insufficiente;Inesistente;0;0;0;1;12.5355;41.6168;-1;1;Autovettura privata;In marcia / fermata / arresto;Conducente;M;Illeso;0;;Utilizzato;
4048798;19;21/10/2018 04:30:00;Strada Urbana;VIA DI BOCCEA;all'intersezione con;VIA NAZARETH;VIA NAZARETH;;;Veicolo in marcia contro ostacolo accidentale;Incrocio;Una carreggiata a doppio senso;Viscido da liquidi oleosi;Asfaltata;Verticale ed orizzontale;Sereno;Normale;Buona;Sufficiente;1;0;0;1;12.4079;41.9071;-1;1;Motociclo a solo;In marcia / fermata / arresto;Conducente;F;Rimandato;0;NON DECEDUTO;Non accertato;
4048798;19;21/10/2018 04:30:00;Strada Urbana;VIA DI BOCCEA;all'intersezione con;VIA NAZARETH;VIA NAZARETH;;;Veicolo in marcia contro ostacolo accidentale;Incrocio;Una carreggiata a doppio senso;Viscido da liquidi oleosi;Asfaltata;Verticale ed orizzontale;Sereno;Normale;Buona;Sufficiente;1;0;0;1;12.4079;41.9071;-1;2;Autobus di linea;In marcia / fermata / arresto;Conducente;M;Illeso;0;;Non accertato;Inesploso
4048816;2;21/10/2018 11:00:00;Strada Urbana;VIA CHIANA;in corrispondenza;;del civico n.;99;;Veicolo in marcia contro ostacolo accidentale;Pendenza;Una carreggiata a doppio senso;Asciutto;Asfaltata;Verticale ed orizzontale;Nuvoloso;Normale;Sufficiente;Ore Diurne;0;0;0;4;12.5079;41.9208;-1;1;Autovettura privata;In marcia / fermata / arresto;Conducente;M;Illeso;0;;;
4048816;2;21/10/2018 11:00:00;Strada Urbana;VIA CHIANA;in corrispondenza;;del civico n.;99;;Veicolo in marcia contro ostacolo accidentale;Pendenza;Una carreggiata a doppio senso;Asciutto;Asfaltata;Verticale ed orizzontale;Nuvoloso;Normale;Sufficiente;Ore Diurne;0;0;0;4;12.5079;41.9208;-1;1;Autovettura privata;In marcia / fermata / arresto;Passeggero;F;Illeso;0;;;
4048816;2;21/10/2018 11:00:00;Strada Urbana;VIA CHIANA;in corrispondenza;;del civico n.;99;;Veicolo in marcia contro ostacolo accidentale;Pendenza;Una carreggiata a doppio senso;Asciutto;Asfaltata;Verticale ed orizzontale;Nuvoloso;Normale;Sufficiente;Ore Diurne;0;0;0;4;12.5079;41.9208;-1;1;Autovettura privata;In marcia / fermata / arresto;Passeggero;F;Illeso;0;;;
4048816;2;21/10/2018 11:00:00;Strada Urbana;VIA CHIANA;in corrispondenza;;del civico n.;99;;Veicolo in marcia contro ostacolo accidentale;Pendenza;Una carreggiata a doppio senso;Asciutto;Asfaltata;Verticale ed orizzontale;Nuvoloso;Normale;Sufficiente;Ore Diurne;0;0;0;4;12.5079;41.9208;-1;1;Autovettura privata;In marcia / fermata / arresto;Passeggero;M;Illeso;0;;;
4048818;2;21/10/2018 17:00:00;Strada Urbana;VIA PINCIANA;in prossimità;;del civico n.;75;;Scontro frontale/laterale SX fra veicoli in marcia;Rettilineo;Una carreggiata a doppio senso;Asciutto;Asfaltata;Orizzontale;Nuvoloso;Normale;Buona;Ore Diurne;1;0;0;2;12.4916;41.9111;-1;1;Autovettura privata;In marcia / fermata / arresto;Conducente;M;Illeso;0;;Non accertato;Inesploso
4048818;2;21/10/2018 17:00:00;Strada Urbana;VIA PINCIANA;in prossimità;;del civico n.;75;;Scontro frontale/laterale SX fra veicoli in marcia;Rettilineo;Una carreggiata a doppio senso;Asciutto;Asfaltata;Orizzontale;Nuvoloso;Normale;Buona;Ore Diurne;1;0;0;2;12.4916;41.9111;-1;1;Autovettura privata;In marcia / fermata / arresto;Passeggero;F;Illeso;0;;Non accertato;Inesploso
4048818;2;21/10/2018 17:00:00;Strada Urbana;VIA PINCIANA;in prossimità;;del civico n.;75;;Scontro frontale/laterale SX fra veicoli in marcia;Rettilineo;Una carreggiata a doppio senso;Asciutto;Asfaltata;Orizzontale;Nuvoloso;Normale;Buona;Ore Diurne;1;0;0;2;12.4916;41.9111;-1;2;Motociclo a solo;In marcia / fermata / arresto;Conducente;M;Ricoverato;0;NON DECEDUTO;Non accertato;
4048851;19;21/10/2018 21:30:00;Strada Urbana;GALLERIA GIOVANNI XXIII;in prossimità;;della chilometrica;0.7;;Scontro frontale fra veicoli in marcia;Galleria illuminata;Una carreggiata a senso unico di marcia;Asciutto;Asfaltata;Orizzontale;Nuvoloso;Normale;Buona;Sufficiente;1;0;0;1;12.4411;41.9404;-1;1;Autovettura privata;In marcia / fermata / arresto;Conducente;F;Illeso;0;;Non accertato;Inesploso
4048851;19;21/10/2018 21:30:00;Strada Urbana;GALLERIA GIOVANNI XXIII;in prossimità;;della chilometrica;0.7;;Scontro frontale fra veicoli in marcia;Galleria illuminata;Una carreggiata a senso unico di marcia;Asciutto;Asfaltata;Orizzontale;Nuvoloso;Normale;Buona;Sufficiente;1;0;0;1;12.4411;41.9404;-1;2;Motociclo a solo;In marcia / fermata / arresto;Conducente;M;Rimandato;0;NON DECEDUTO;Non accertato;
4048854;12;20/10/2018 09:20:00;Strada Urbana;VIALE CAMILLO SABATINI;da specificare;;;;altezza ASL;Veicoli in marcia contro veicolo fermo;Rettilineo;Una carreggiata a doppio senso;Asciutto;Asfaltata;Verticale ed orizzontale;Sereno;Normale;Buona;Ore Diurne;0;0;0;3;12.4436;41.8209;-1;1;Autovettura privata;In marcia / fermata / arresto;Conducente;M;Illeso;0;;Non accertato;Inesploso
4048854;12;20/10/2018 09:20:00;Strada Urbana;VIALE CAMILLO SABATINI;da specificare;;;;altezza ASL;Veicoli in marcia contro veicolo fermo;Rettilineo;Una carreggiata a doppio senso;Asciutto;Asfaltata;Verticale ed orizzontale;Sereno;Normale;Buona;Ore Diurne;0;0;0;3;12.4436;41.8209;-1;2;Autovettura privata;In marcia / fermata / arresto;Conducente;F;Illeso;0;;Non accertato;Esploso
4048854;12;20/10/2018 09:20:00;Strada Urbana;VIALE CAMILLO SABATINI;da specificare;;;;altezza ASL;Veicoli in marcia contro veicolo fermo;Rettilineo;Una carreggiata a doppio senso;Asciutto;Asfaltata;Verticale ed orizzontale;Sereno;Normale;Buona;Ore Diurne;0;0;0;3;12.4436;41.8209;-1;3;Autovettura privata;In marcia / fermata / arresto;Conducente;M;Illeso;0;;Non accertato;Inesploso
4048863;19;20/10/2018 10:35:00;Strada Urbana;VIA ARTURO DONAGGIO;da specificare;;;;altezza civ. 32;Veicolo in marcia contro veicolo in sosta;Rettilineo;Una carreggiata a senso unico di marcia;Asciutto;Asfaltata;Assente;Sereno;Scarso;Buona;Ore Diurne;0;0;0;1;12.413;41.9255;-1;1;Autovettura privata;In marcia / fermata / arresto;Conducente;F;Illeso;0;;;
4048876;19;20/10/2018 20:15:00;Strada Urbana;VIA CARENTINO;in prossimità;;del civico n.;14;;Scontro laterale fra veicoli in marcia;Curva senza visuale libera;Una carreggiata a doppio senso;Asciutto;Asfaltata;Orizzontale;Sereno;Normale;Buona;Sufficiente;0;0;0;4;12.3602;41.9273;-1;1;Autovettura privata;In marcia / fermata / arresto;Conducente;F;Illeso;0;;Non accertato;Inesploso
4048876;19;20/10/2018 20:15:00;Strada Urbana;VIA CARENTINO;in prossimità;;del civico n.;14;;Scontro laterale fra veicoli in marcia;Curva senza visuale libera;Una carreggiata a doppio senso;Asciutto;Asfaltata;Orizzontale;Sereno;Normale;Buona;Sufficiente;0;0;0;4;12.3602;41.9273;-1;1;Autovettura privata;In marcia / fermata / arresto;Passeggero;M;Illeso;0;;Non accertato;Inesploso
4048876;19;20/10/2018 20:15:00;Strada Urbana;VIA CARENTINO;in prossimità;;del civico n.;14;;Scontro laterale fra veicoli in marcia;Curva senza visuale libera;Una carreggiata a doppio senso;Asciutto;Asfaltata;Orizzontale;Sereno;Normale;Buona;Sufficiente;0;0;0;4;12.3602;41.9273;-1;2;Autovettura privata;In marcia / fermata / arresto;Conducente;M;Illeso;0;;Non accertato;Inesploso
4048876;19;20/10/2018 20:15:00;Strada Urbana;VIA CARENTINO;in prossimità;;del civico n.;14;;Scontro laterale fra veicoli in marcia;Curva senza visuale libera;Una carreggiata a doppio senso;Asciutto;Asfaltata;Orizzontale;Sereno;Normale;Buona;Sufficiente;0;0;0;4;12.3602;41.9273;-1;2;Autovettura privata;In marcia / fermata / arresto;Passeggero;M;Illeso;0;;Non accertato;Inesploso
4048883;5;21/10/2018 22:30:00;Strada Urbana;VIA ALBERTO BERGAMINI;da specificare;;;;sottovia F. Fiorentini dir. I. Giordani;Investimento di pedone;Rettilineo;Due carreggiate;Bagnato (umidità in atto);Asfaltata;Orizzontale;Nuvoloso;Normale;Sufficiente;Sufficiente;4;0;0;1;12.5566;41.9061;-1;;;;Pedone;F;Rimandato;0;NON DECEDUTO;;
4048883;5;21/10/2018 22:30:00;Strada Urbana;VIA ALBERTO BERGAMINI;da specificare;;;;sottovia F. Fiorentini dir. I. Giordani;Investimento di pedone;Rettilineo;Due carreggiate;Bagnato (umidità in atto);Asfaltata;Orizzontale;Nuvoloso;Normale;Sufficiente;Sufficiente;4;0;0;1;12.5566;41.9061;-1;;;;Pedone;M;Rimandato;0;NON DECEDUTO;;
4048883;5;21/10/2018 22:30:00;Strada Urbana;VIA ALBERTO BERGAMINI;da specificare;;;;sottovia F. Fiorentini dir. I. Giordani;Investimento di pedone;Rettilineo;Due carreggiate;Bagnato (umidità in atto);Asfaltata;Orizzontale;Nuvoloso;Normale;Sufficiente;Sufficiente;4;0;0;1;12.5566;41.9061;-1;1;Motociclo a solo;In marcia / fermata / arresto;Conducente;M;Rimandato;0;NON DECEDUTO;Non accertato;
4048883;5;21/10/2018 22:30:00;Strada Urbana;VIA ALBERTO BERGAMINI;da specificare;;;;sottovia F. Fiorentini dir. I. Giordani;Investimento di pedone;Rettilineo;Due carreggiate;Bagnato (umidità in atto);Asfaltata;Orizzontale;Nuvoloso;Normale;Sufficiente;Sufficiente;4;0;0;1;12.5566;41.9061;-1;2;Motociclo a solo;In marcia / fermata / arresto;Conducente;M;Rimandato;0;NON DECEDUTO;Non accertato;
4048883;5;21/10/2018 22:30:00;Strada Urbana;VIA ALBERTO BERGAMINI;da specificare;;;;sottovia F. Fiorentini dir. I. Giordani;Investimento di pedone;Rettilineo;Due carreggiate;Bagnato (umidità in atto);Asfaltata;Orizzontale;Nuvoloso;Normale;Sufficiente;Sufficiente;4;0;0;1;12.5566;41.9061;-1;3;Autovettura privata;In marcia / fermata / arresto;Conducente;M;Illeso;0;;Non accertato;Inesploso
4048884;12;21/10/2018 07:20:00;Provinciale;VIA OSTIENSE;da specificare;;;;a 500 mt da via Sarsina  dir. Roma ;Scontro frontale/laterale SX fra veicoli in marcia;Rettilineo;Una carreggiata a doppio senso;Asciutto;Asfaltata;Orizzontale;Sereno;Scarso;Buona;Ore Diurne;0;0;0;3;12.4229;41.8109;-1;1;Autovettura privata;In marcia / fermata / arresto;Conducente;M;Illeso;0;;;
4048884;12;21/10/2018 07:20:00;Provinciale;VIA OSTIENSE;da specificare;;;;a 500 mt da via Sarsina  dir. Roma ;Scontro frontale/laterale SX fra veicoli in marcia;Rettilineo;Una carreggiata a doppio senso;Asciutto;Asfaltata;Orizzontale;Sereno;Scarso;Buona;Ore Diurne;0;0;0;3;12.4229;41.8109;-1;2;Autovettura privata;In marcia / fermata / arresto;Conducente;M;Illeso;0;;Utilizzato;
4048884;12;21/10/2018 07:20:00;Provinciale;VIA OSTIENSE;da specificare;;;;a 500 mt da via Sarsina  dir. Roma ;Scontro frontale/laterale SX fra veicoli in marcia;Rettilineo;Una carreggiata a doppio senso;Asciutto;Asfaltata;Orizzontale;Sereno;Scarso;Buona;Ore Diurne;0;0;0;3;12.4229;41.8109;-1;3;Autovettura privata;In marcia / fermata / arresto;Conducente;M;Illeso;0;;Utilizzato;Inesploso
4048903;12;18/10/2018 17:00:00;Comunale extraurbana;VIA DI TRIGORIA;da specificare;;;;prossimità dello svincolo Pontina;Scontro laterale fra veicoli in marcia;Rettilineo;Una carreggiata a doppio senso;Asciutto;Strada pavimentata dissestata;Verticale;Sereno;Intenso;Buona;Ore Diurne;0;0;0;2;12.4538;41.7187;-1;1;Autovettura privata;In marcia / fermata / arresto;Conducente;M;Illeso;0;;;
4048903;12;18/10/2018 17:00:00;Comunale extraurbana;VIA DI TRIGORIA;da specificare;;;;prossimità dello svincolo Pontina;Scontro laterale fra veicoli in marcia;Rettilineo;Una carreggiata a doppio senso;Asciutto;Strada pavimentata dissestata;Verticale;Sereno;Intenso;Buona;Ore Diurne;0;0;0;2;12.4538;41.7187;-1;2;Autovettura privata;In marcia / fermata / arresto;Conducente;M;Illeso;0;;;
4048936;12;19/10/2018 20:30:00;Strada Urbana;VIA LAURENTINA;all'intersezione con;VIALE DELL'OCEANO ATLANTICO;VIALE DELL'OCEANO ATLANTICO;;;Investimento di pedone;Intersezione semaforizzata;Due carreggiate;Asciutto;Asfaltata;Verticale ed orizzontale;Sereno;Normale;Buona;Inesistente;1;0;0;1;12.4853;41.8102;-1;;;;Pedone;F;Rimandato;0;NON DECEDUTO;;
4048936;12;19/10/2018 20:30:00;Strada Urbana;VIA LAURENTINA;all'intersezione con;VIALE DELL'OCEANO ATLANTICO;VIALE DELL'OCEANO ATLANTICO;;;Investimento di pedone;Intersezione semaforizzata;Due carreggiate;Asciutto;Asfaltata;Verticale ed orizzontale;Sereno;Normale;Buona;Inesistente;1;0;0;1;12.4853;41.8102;-1;1;Autovettura privata;In marcia / fermata / arresto;Conducente;M;Illeso;0;;Utilizzato;Inesploso
4048943;19;20/10/2018 20:45:00;Strada Urbana;VIA PIETRO MAFFI;all'intersezione con;VIA LORENZO LITTA;VIA LORENZO LITTA;;;Scontro frontale/laterale SX fra veicoli in marcia;Intersezione stradale segnalata;Una carreggiata a doppio senso;Asciutto;Asfaltata;Verticale ed orizzontale;Sereno;Normale;Buona;Sufficiente;1;0;0;2;12.4186;41.9244;-1;1;Autovettura privata;In marcia / fermata / arresto;Conducente;M;Illeso;0;;Non accertato;Inesploso
4048943;19;20/10/2018 20:45:00;Strada Urbana;VIA PIETRO MAFFI;all'intersezione con;VIA LORENZO LITTA;VIA LORENZO LITTA;;;Scontro frontale/laterale SX fra veicoli in marcia;Intersezione stradale segnalata;Una carreggiata a doppio senso;Asciutto;Asfaltata;Verticale ed orizzontale;Sereno;Normale;Buona;Sufficiente;1;0;0;2;12.4186;41.9244;-1;1;Autovettura privata;In marcia / fermata / arresto;Passeggero;M;Illeso;0;;Non accertato;Inesploso
4048943;19;20/10/2018 20:45:00;Strada Urbana;VIA PIETRO MAFFI;all'intersezione con;VIA LORENZO LITTA;VIA LORENZO LITTA;;;Scontro frontale/laterale SX fra veicoli in marcia;Intersezione stradale segnalata;Una carreggiata a doppio senso;Asciutto;Asfaltata;Verticale ed orizzontale;Sereno;Normale;Buona;Sufficiente;1;0;0;2;12.4186;41.9244;-1;2;Motociclo a solo;In marcia / fermata / arresto;Conducente;M;Rimandato;0;NON DECEDUTO;;
4048944;16;20/10/2018 20:15:00;Strada Urbana;VIA DI BRAVETTA;in prossimità;;del civico n.;442;;Scontro frontale/laterale DX fra veicoli in marcia;Rettilineo;Una carreggiata a doppio senso;Asciutto;Asfaltata;Orizzontale;Sereno;Normale;Buona;Sufficiente;1;0;0;5;12.4246;41.8754;-1;1;Autovettura privata;In marcia / fermata / arresto;Conducente;M;Illeso;0;;Non accertato;
4048944;16;20/10/2018 20:15:00;Strada Urbana;VIA DI BRAVETTA;in prossimità;;del civico n.;442;;Scontro frontale/laterale DX fra veicoli in marcia;Rettilineo;Una carreggiata a doppio senso;Asciutto;Asfaltata;Orizzontale;Sereno;Normale;Buona;Sufficiente;1;0;0;5;12.4246;41.8754;-1;1;Autovettura privata;In marcia / fermata / arresto;Passeggero;M;Illeso;0;;Non accertato;
4048944;16;20/10/2018 20:15:00;Strada Urbana;VIA DI BRAVETTA;in prossimità;;del civico n.;442;;Scontro frontale/laterale DX fra veicoli in marcia;Rettilineo;Una carreggiata a doppio senso;Asciutto;Asfaltata;Orizzontale;Sereno;Normale;Buona;Sufficiente;1;0;0;5;12.4246;41.8754;-1;2;Autovettura privata;In marcia / fermata / arresto;Conducente;M;Illeso;0;;Non accertato;
4048944;16;20/10/2018 20:15:00;Strada Urbana;VIA DI BRAVETTA;in prossimità;;del civico n.;442;;Scontro frontale/laterale DX fra veicoli in marcia;Rettilineo;Una carreggiata a doppio senso;Asciutto;Asfaltata;Orizzontale;Sereno;Normale;Buona;Sufficiente;1;0;0;5;12.4246;41.8754;-1;2;Autovettura privata;In marcia / fermata / arresto;Passeggero;M;Rimandato;0;NON DECEDUTO;Non accertato;
4048944;16;20/10/2018 20:15:00;Strada Urbana;VIA DI BRAVETTA;in prossimità;;del civico n.;442;;Scontro frontale/laterale DX fra veicoli in marcia;Rettilineo;Una carreggiata a doppio senso;Asciutto;Asfaltata;Orizzontale;Sereno;Normale;Buona;Sufficiente;1;0;0;5;12.4246;41.8754;-1;3;Autovettura privata;In marcia / fermata / arresto;Conducente;F;Illeso;0;;Non accertato;
4048944;16;20/10/2018 20:15:00;Strada Urbana;VIA DI BRAVETTA;in prossimità;;del civico n.;442;;Scontro frontale/laterale DX fra veicoli in marcia;Rettilineo;Una carreggiata a doppio senso;Asciutto;Asfaltata;Orizzontale;Sereno;Normale;Buona;Sufficiente;1;0;0;5;12.4246;41.8754;-1;3;Autovettura privata;In marcia / fermata / arresto;Passeggero;F;Illeso;0;;Non accertato;
4048952;13;21/10/2018 17:15:00;Strada Urbana;VIALE DELLA VILLA DI PLINIO;da specificare;;;;pressi VIALE MEDITERRANEO;Tamponamento;Rettilineo;Due carreggiate;Asciutto;Asfaltata;Verticale ed orizzontale;Sereno;Normale;Buona;Ore Diurne;3;0;0;0;12.3201;41.7286;-1;1;Autovettura privata;In marcia / fermata / arresto;Conducente;F;Rimandato;0;NON DECEDUTO;Non accertato;Inesploso
4048952;13;21/10/2018 17:15:00;Strada Urbana;VIALE DELLA VILLA DI PLINIO;da specificare;;;;pressi VIALE MEDITERRANEO;Tamponamento;Rettilineo;Due carreggiate;Asciutto;Asfaltata;Verticale ed orizzontale;Sereno;Normale;Buona;Ore Diurne;3;0;0;0;12.3201;41.7286;-1;2;Autovettura privata;In marcia / fermata / arresto;Conducente;M;Rimandato;0;NON DECEDUTO;Non accertato;Inesploso
4048952;13;21/10/2018 17:15:00;Strada Urbana;VIALE DELLA VILLA DI PLINIO;da specificare;;;;pressi VIALE MEDITERRANEO;Tamponamento;Rettilineo;Due carreggiate;Asciutto;Asfaltata;Verticale ed orizzontale;Sereno;Normale;Buona;Ore Diurne;3;0;0;0;12.3201;41.7286;-1;2;Autovettura privata;In marcia / fermata / arresto;Passeggero;F;Rimandato;0;NON DECEDUTO;Non accertato;Inesploso