Protocollo;Gruppo;DataOraIncidente;Localizzazione1;STRADA1;Localizzazione2;STRADA2;Strada02;Chilometrica;DaSpecificare;NaturaIncidente;particolaritastrade;TipoStrada;FondoStradale;Pavimentazione;Segnaletica;CondizioneAtmosferica;Traffico;Visibilita;Illuminazione;NUM_FERITI;NUM_RISERVATA;NUM_MORTI;NUM_ILLESI;Longitudine;Latitudine;Confermato;Progressivo;TipoVeicolo;StatoVeicolo;TipoPersona;Sesso;Tipolesione;Deceduto;DecedutoDopo;CinturaCascoUtilizzato;Airbag;
4048954;12;19/10/2018 18:30:00;Strada Urbana;VIALE AVIGNONE;all'intersezione con;VIALE DELL'OCEANO PACIFICO;VIALE DELL'OCEANO PACIFICO;;;Investimento di pedone;Intersezione semaforizzata;Due carreggiate;Asciutto;Asfaltata;Orizzontale;Sereno;Normale;Sufficiente;Sufficiente;1;0;0;1;12.4596;41.8214;-1;;;;Pedone;F;Ricoverato;0;NON DECEDUTO;;
4048954;12;19/10/2018 18:30:00;Strada Urbana;VIALE AVIGNONE;all'intersezione con;VIALE DELL'OCEANO PACIFICO;VIALE DELL'OCEANO PACIFICO;;;Investimento di pedone;Intersezione semaforizzata;Due carreggiate;Asciutto;Asfaltata;Orizzontale;Sereno;Normale;Sufficiente;Sufficiente;1;0;0;1;12.4596;41.8214;-1;1;Autovettura privata;In marcia / fermata / arresto;Conducente;F;Illeso;0;;Non accertato;Inesploso
4048964;12;18/10/2018 15:30:00;Strada Urbana;VIA LAURENTINA;da specificare;;;;rotatoria tor pagnotta;Scontro laterale fra veicoli in marcia;Rotatoria;Una carreggiata a senso unico di marcia;Asciutto;Asfaltata;Verticale ed orizzontale;Sereno;Normale;Buona;Ore Diurne;0;0;0;4;12.4832;41.8034;-1;1;Autovettura privata;In marcia / fermata / arresto;Conducente;M;Illeso;0;;;
4048964;12;18/10/2018 15:30:00;Strada Urbana;VIA LAURENTINA;da specificare;;;;rotatoria tor pagnotta;Scontro laterale fra veicoli in marcia;Rotatoria;Una carreggiata a senso unico di marcia;Asciutto;Asfaltata;Verticale ed orizzontale;Sereno;Normale;Buona;Ore Diurne;0;0;0;4;12.4832;41.8034;-1;1;Autovettura privata;In marcia / fermata / arresto;Passeggero;M;Illeso;0;;;
4048964;12;18/10/2018 15:30:00;Strada Urbana;VIA LAURENTINA;da specificare;;;;rotatoria tor pagnotta;Scontro laterale fra veicoli in marcia;Rotatoria;Una carreggiata a senso unico di marcia;Asciutto;Asfaltata;Verticale ed orizzontale;Sereno;Normale;Buona;Ore Diurne;0;0;0;4;12.4832;41.8034;-1;2;Autovettura privata;In marcia / fermata / arresto;Conducente;M;Illeso;0;;;
4048964;12;18/10/2018 15:30:00;Strada Urbana;VIA LAURENTINA;da specificare;;;;rotatoria tor pagnotta;Scontro laterale fra veicoli in marcia;Rotatoria;Una carreggiata a senso unico di marcia;Asciutto;Asfaltata;Verticale ed orizzontale;Sereno;Normale;Buona;Ore Diurne;0;0;0;4;12.4832;41.8034;-1;2;Autovettura privata;In marcia / fermata / arresto;Passeggero;M;Illeso;0;;;
4048976;12;19/10/2018 15:05:00;Strada Urbana;VIA CRISTOFORO COLOMBO;all'intersezione con;VIALE AMERICA;VIALE AMERICA;;;Scontro frontale/laterale SX fra veicoli in marcia;Incrocio;Due carreggiate;Asciutto;Asfaltata;Verticale ed orizzontale;Sereno;Normale;Buona;Ore Diurne;0;0;0;3;12.4121;41.786;-1;1;Autovettura privata;In marcia / fermata / arresto;Conducente;M;Illeso;0;;;
4048976;12;19/10/2018 15:05:00;Strada Urbana;VIA CRISTOFORO COLOMBO;all'intersezione con;VIALE AMERICA;VIALE AMERICA;;;Scontro frontale/laterale SX fra veicoli in marcia;Incrocio;Due carreggiate;Asciutto;Asfaltata;Verticale ed orizzontale;Sereno;Normale;Buona;Ore Diurne;0;0;0;3;12.4121;41.786;-1;1;Autovettura privata;In marcia / fermata / arresto;Passeggero;F;Illeso;0;;Non accertato;Inesploso
4048976;12;19/10/2018 15:05:00;Strada Urbana;VIA CRISTOFORO COLOMBO;all'intersezione con;VIALE AMERICA;VIALE AMERICA;;;Scontro frontale/laterale SX fra veicoli in marcia;Incrocio;Due carreggiate;Asciutto;Asfaltata;Verticale ed orizzontale;Sereno;Normale;Buona;Ore Diurne;0;0;0;3;12.4121;41.786;-1;2;Autovettura privata;In marcia / fermata / arresto;Conducente;M;Illeso;0;;Non accertato;Inesploso
4048987;19;21/10/2018 12:15:00;Strada Urbana;PIAZZALE SOCRATE;da specificare;;;;s.n.c.;Fuoriuscita dalla sede stradale;Rotatoria;Una carreggiata a senso unico di marcia;Asciutto;Asfaltata;Verticale ed orizzontale;Sereno;Scarso;Buona;Ore Diurne;0;0;0;1;12.4475;41.9125;-1;1;Quadriciclo leggero;In marcia / fermata / arresto;Conducente;F;Illeso;0;;Non accertato;Inesploso
4048990;6;22/10/2018 12:05:00;Strada Urbana;VIA LEONARDO BUFALINI;all'intersezione con;VIA GIOVANNI MAGGI;VIA GIOVANNI MAGGI;;;Scontro frontale/laterale SX fra veicoli in marcia;Incrocio;Due carreggiate;Asciutto;Asfaltata;Verticale ed orizzontale;Nuvoloso;Normale;Buona;Ore Diurne;0;0;0;3;12.5389;41.8822;-1;1;Autovettura privata;In marcia / fermata / arresto;Conducente;M;Illeso;0;;Non accertato;Inesploso
4048990;6;22/10/2018 12:05:00;Strada Urbana;VIA LEONARDO BUFALINI;all'intersezione con;VIA GIOVANNI MAGGI;VIA GIOVANNI MAGGI;;;Scontro frontale/laterale SX fra veicoli in marcia;Incrocio;Due carreggiate;Asciutto;Asfaltata;Verticale ed orizzontale;Nuvoloso;Normale;Buona;Ore Diurne;0;0;0;3;12.5389;41.8822;-1;2;Autovettura privata;In marcia / fermata / arresto;Conducente;M;Illeso;0;;Non accertato;Inesploso
4048990;6;22/10/2018 12:05:00;Strada Urbana;VIA LEONARDO BUFALINI;all'intersezione con;VIA GIOVANNI MAGGI;VIA GIOVANNI MAGGI;;;Scontro frontale/laterale SX fra veicoli in marcia;Incrocio;Due carreggiate;Asciutto;Asfaltata;Verticale ed orizzontale;Nuvoloso;Normale;Buona;Ore Diurne;0;0;0;3;12.5389;41.8822;-1;3;Autocarro inferiore 35 q.;In marcia / fermata / arresto;Conducente;M;Illeso;0;;Non accertato;Inesploso
4048996;12;20/10/2018 12:35:00;Strada Urbana;VIALE DELL'OCEANO PACIFICO;in prossimità;;del civico n.;199;;Scontro frontale fra veicoli in marcia;Rettilineo;Una carreggiata a doppio senso;Asciutto;Asfaltata;Verticale ed orizzontale;Sereno;Normale;Buona;Ore Diurne;2;0;0;2;12.458;41.8232;-1;1;Autovettura privata;In marcia / fermata / arresto;Conducente;M;Illeso;0;;Utilizzato;Inesploso
4048996;12;20/10/2018 12:35:00;Strada Urbana;VIALE DELL'OCEANO PACIFICO;in prossimità;;del civico n.;199;;Scontro frontale fra veicoli in marcia;Rettilineo;Una carreggiata a doppio senso;Asciutto;Asfaltata;Verticale ed orizzontale;Sereno;Normale;Buona;Ore Diurne;2;0;0;2;12.458;41.8232;-1;1;Autovettura privata;In marcia / fermata / arresto;Passeggero;F;Illeso;0;;Utilizzato;Inesploso
4048996;12;20/10/2018 12:35:00;Strada Urbana;VIALE DELL'OCEANO PACIFICO;in prossimità;;del civico n.;199;;Scontro frontale fra veicoli in marcia;Rettilineo;Una carreggiata a doppio senso;Asciutto;Asfaltata;Verticale ed orizzontale;Sereno;Normale;Buona;Ore Diurne;2;0;0;2;12.458;41.8232;-1;2;Motociclo a solo;In marcia / fermata / arresto;Conducente;M;Rimandato;0;NON DECEDUTO;Utilizzato;
4048996;12;20/10/2018 12:35:00;Strada Urbana;VIALE DELL'OCEANO PACIFICO;in prossimità;;del civico n.;199;;Scontro frontale fra veicoli in marcia;Rettilineo;Una carreggiata a doppio senso;Asciutto;Asfaltata;Verticale ed orizzontale;Sereno;Normale;Buona;Ore Diurne;2;0;0;2;12.458;41.8232;-1;2;Motociclo a solo;In marcia / fermata / arresto;Passeggero;F;Rimandato;0;NON DECEDUTO;Utilizzato;
4048998;12;19/10/2018 16:15:00;Statale;VIA DEL MARE;da specificare;;;;direzione ostia altezza ponte G.R.A.;Scontro laterale fra veicoli in marcia;Curva a visuale libera;Due carreggiate;Asciutto;Asfaltata;Orizzontale;Sereno;Normale;Buona;Ore Diurne;0;0;0;3;12.4632;41.8403;-1;1;Autovettura privata;In marcia / fermata / arresto;Conducente;M;Illeso;0;;;
4048998;12;19/10/2018 16:15:00;Statale;VIA DEL MARE;da specificare;;;;direzione ostia altezza ponte G.R.A.;Scontro laterale fra veicoli in marcia;Curva a visuale libera;Due carreggiate;Asciutto;Asfaltata;Orizzontale;Sereno;Normale;Buona;Ore Diurne;0;0;0;3;12.4632;41.8403;-1;2;Autovettura privata;In marcia / fermata / arresto;Conducente;M;Illeso;0;;;
4048998;12;19/10/2018 16:15:00;Statale;VIA DEL MARE;da specificare;;;;direzione ostia altezza ponte G.R.A.;Scontro laterale fra veicoli in marcia;Curva a visuale libera;Due carreggiate;Asciutto;Asfaltata;Orizzontale;Sereno;Normale;Buona;Ore Diurne;0;0;0;3;12.4632;41.8403;-1;2;Autovettura privata;In marcia / fermata / arresto;Passeggero;M;Illeso;0;;;
4048999;9;22/10/2018 07:20:00;Strada Urbana;PIAZZA CASTROREALE;in prossimità;;del civico n.;1/A;;Investimento di pedone;Rettilineo;Una carreggiata a doppio senso;Asciutto;Asfaltata;Verticale;Sereno;Normale;Buona;Ore Diurne;2;0;0;0;12.5217;41.8857;-1;;;;Pedone;M;Rimandato;0;NON DECEDUTO;;
4048999;9;22/10/2018 07:20:00;Strada Urbana;PIAZZA CASTROREALE;in prossimità;;del civico n.;1/A;;Investimento di pedone;Rettilineo;Una carreggiata a doppio senso;Asciutto;Asfaltata;Verticale;Sereno;Normale;Buona;Ore Diurne;2;0;0;0;12.5217;41.8857;-1;1;Motociclo a solo;In marcia / fermata / arresto;Conducente;M;Rimandato;0;NON DECEDUTO;Non accertato;
4049004;16;21/10/2018 20:30:00;;VIA TIBURTINA;da specificare;;;;fronte civico n. 1182;Veicolo in marcia contro ostacolo fisso;;;;;;;;;;0;0;0;2;;;0;1;Autovettura privata;In marcia / fermata / arresto;Conducente;M;Illeso;0;;;
4049004;16;21/10/2018 20:30:00;;VIA TIBURTINA;da specificare;;;;fronte civico n. 1182;Veicolo in marcia contro ostacolo fisso;;;;;;;;;;0;0;0;2;;;0;1;Autovettura privata;In marcia / fermata / arresto;Passeggero;M;Illeso;0;;;
4049008;19;20/10/2018 23:15:00;Strada Urbana;CIRCONVALLAZIONE CORNELIA;da specificare;;;;prossimità V. Boccea;Scontro laterale fra veicoli in marcia;Rettilineo;Una carreggiata a doppio senso;Asciutto;Asfaltata;Assente;Grandine in atto;Intenso;Insufficiente;Ore Diurne;0;0;0;5;12.4259;41.902;-1;1;Autovettura privata;In marcia / fermata / arresto;Conducente;F;Illeso;0;;Non accertato;Inesploso
4049008;19;20/10/2018 23:15:00;Strada Urbana;CIRCONVALLAZIONE CORNELIA;da specificare;;;;prossimità V. Boccea;Scontro laterale fra veicoli in marcia;Rettilineo;Una carreggiata a doppio senso;Asciutto;Asfaltata;Assente;Grandine in atto;Intenso;Insufficiente;Ore Diurne;0;0;0;5;12.4259;41.902;-1;1;Autovettura privata;In marcia / fermata / arresto;Passeggero;M;Illeso;0;;Non accertato;Inesploso
4049008;19;20/10/2018 23:15:00;Strada Urbana;CIRCONVALLAZIONE CORNELIA;da specificare;;;;prossimità V. Boccea;Scontro laterale fra veicoli in marcia;Rettilineo;Una carreggiata a doppio senso;Asciutto;Asfaltata;Assente;Grandine in atto;Intenso;Insufficiente;Ore Diurne;0;0;0;5;12.4259;41.902;-1;2;Autovettura privata;In marcia / fermata / arresto;Conducente;M;Illeso;0;;Non accertato;Inesploso
4049008;19;20/10/2018 23:15:00;Strada Urbana;CIRCONVALLAZIONE CORNELIA;da specificare;;;;prossimità V. Boccea;Scontro laterale fra veicoli in marcia;Rettilineo;Una carreggiata a doppio senso;Asciutto;Asfaltata;Assente;Grandine in atto;Intenso;Insufficiente;Ore Diurne;0;0;0;5;12.4259;41.902;-1;2;Autovettura privata;In marcia / fermata / arresto;Passeggero;F;Illeso;0;;Non accertato;Inesploso
4049008;19;20/10/2018 23:15:00;Strada Urbana;CIRCONVALLAZIONE CORNELIA;da specificare;;;;prossimità V. Boccea;Scontro laterale fra veicoli in marcia;Rettilineo;Una carreggiata a doppio senso;Asciutto;Asfaltata;Assente;Grandine in atto;Intenso;Insufficiente;Ore Diurne;0;0;0;5;12.4259;41.902;-1;2;Autovettura privata;In marcia / fermata / arresto;Passeggero;M;Illeso;0;;Non accertato;Inesploso
4049037;12;22/10/2018 07:00:00;Statale;VIA OSTIENSE;in prossimità;;della chilometrica;13.7;;Tamponamento;Rettilineo;Una carreggiata a doppio senso;Bagnato (umidità in atto);Asfaltata;Assente;Nuvoloso;Intenso;Buona;Ore Diurne;1;0;0;1;12.4242;41.8104;-1;1;Motociclo a solo;In marcia / fermata / arresto;Conducente;M;Rimandato;0;NON DECEDUTO;Non accertato;
4049037;12;22/10/2018 07:00:00;Statale;VIA OSTIENSE;in prossimità;;della chilometrica;13.7;;Tamponamento;Rettilineo;Una carreggiata a doppio senso;Bagnato (umidità in atto);Asfaltata;Assente;Nuvoloso;Intenso;Buona;Ore Diurne;1;0;0;1;12.4242;41.8104;-1;2;Motociclo a solo;In marcia / fermata / arresto;Conducente;M;Illeso;0;;Non accertato;
4049052;12;22/10/2018 07:15:00;Provinciale;VIA LAURENTINA;in prossimità;;della chilometrica;15.5;;Tamponamento;Curva a visuale libera;Una carreggiata a doppio senso;Bagnato (umidità in atto);Asfaltata;Verticale ed orizzontale;Nuvoloso;Intenso;Buona;Ore Diurne;2;0;0;3;12.4795;41.772;-1;1;Autovettura privata;In marcia / fermata / arresto;Conducente;M;Illeso;0;;;
4049052;12;22/10/2018 07:15:00;Provinciale;VIA LAURENTINA;in prossimità;;della chilometrica;15.5;;Tamponamento;Curva a visuale libera;Una carreggiata a doppio senso;Bagnato (umidità in atto);Asfaltata;Verticale ed orizzontale;Nuvoloso;Intenso;Buona;Ore Diurne;2;0;0;3;12.4795;41.772;-1;1;Autovettura privata;In marcia / fermata / arresto;Passeggero;F;Rimandato;0;NON DECEDUTO;Non accertato;Inesploso
4049052;12;22/10/2018 07:15:00;Provinciale;VIA LAURENTINA;in prossimità;;della chilometrica;15.5;;Tamponamento;Curva a visuale libera;Una carreggiata a doppio senso;Bagnato (umidità in atto);Asfaltata;Verticale ed orizzontale;Nuvoloso;Intenso;Buona;Ore Diurne;2;0;0;3;12.4795;41.772;-1;1;Autovettura privata;In marcia / fermata / arresto;Passeggero;M;Rimandato;0;NON DECEDUTO;Non accertato;Inesploso
4049052;12;22/10/2018 07:15:00;Provinciale;VIA LAURENTINA;in prossimità;;della chilometrica;15.5;;Tamponamento;Curva a visuale libera;Una carreggiata a doppio senso;Bagnato (umidità in atto);Asfaltata;Verticale ed orizzontale;Nuvoloso;Intenso;Buona;Ore Diurne;2;0;0;3;12.4795;41.772;-1;2;Autocarro inferiore 35 q.;In marcia / fermata / arresto;Conducente;M;Illeso;0;;;
4049052;12;22/10/2018 07:15:00;Provinciale;VIA LAURENTINA;in prossimità;;della chilometrica;15.5;;Tamponamento;Curva a visuale libera;Una carreggiata a doppio senso;Bagnato (umidità in atto);Asfaltata;Verticale ed orizzontale;Nuvoloso;Intenso;Buona;Ore Diurne;2;0;0;3;12.4795;41.772;-1;2;Autocarro inferiore 35 q.;In marcia / fermata / arresto;Passeggero;M;Illeso;0;;Utilizzato;Inesploso
4049064;7;21/10/2018 20:30:00;Strada Urbana;VIA CASILINA;in corrispondenza;;del civico n.;1428;;Investimento di pedone;Rettilineo;Una carreggiata a doppio senso;Bagnato (pioggia);Asfaltata;Verticale ed orizzontale;Pioggia in atto;Normale;Sufficiente;Sufficiente;0;0;1;2;12.6196;41.8625;-1;;;;Pedone;M;Prognosi riservata;0;DECEDUTO ENTRO 6 MESI;;
4049064;7;21/10/2018 20:30:00;Strada Urbana;VIA CASILINA;in corrispondenza;;del civico n.;1428;;Investimento di pedone;Rettilineo;Una carreggiata a doppio senso;Bagnato (pioggia);Asfaltata;Verticale ed orizzontale;Pioggia in atto;Normale;Sufficiente;Sufficiente;0;0;1;2;12.6196;41.8625;-1;1;Autovettura privata;In marcia / fermata / arresto;Conducente;M;Illeso;0;;Non accertato;Inesploso
4049064;7;21/10/2018 20:30:00;Strada Urbana;VIA CASILINA;in corrispondenza;;del civico n.;1428;;Investimento di pedone;Rettilineo;Una carreggiata a doppio senso;Bagnato (pioggia);Asfaltata;Verticale ed orizzontale;Pioggia in atto;Normale;Sufficiente;Sufficiente;0;0;1;2;12.6196;41.8625;-1;1;Autovettura privata;In marcia / fermata / arresto;Passeggero;M;Illeso;0;;Non accertato;Inesploso
4049086;1;20/10/2018 14:30:00;Strada Urbana;VIALE AVENTINO;all'intersezione con;VIA AVENTINA;VIA AVENTINA;;;Scontro frontale/laterale DX fra veicoli in marcia;Incrocio;Una carreggiata a senso unico di marcia;Asciutto;Acciotolata;Verticale ed orizzontale;Sereno;Scarso;Buona;Ore Diurne;2;0;0;1;12.4865;41.8822;-1;1;Autoambulanza;In marcia / fermata / arresto;Conducente;M;Rifiuta cure immediate;0;NON DECEDUTO;Non accertato;
4049086;1;20/10/2018 14:30:00;Strada Urbana;VIALE AVENTINO;all'intersezione con;VIA AVENTINA;VIA AVENTINA;;;Scontro frontale/laterale DX fra veicoli in marcia;Incrocio;Una carreggiata a senso unico di marcia;Asciutto;Acciotolata;Verticale ed orizzontale;Sereno;Scarso;Buona;Ore Diurne;2;0;0;1;12.4865;41.8822;-1;1;Autoambulanza;In marcia / fermata / arresto;Passeggero;F;Illeso;0;;Non accertato;
4049086;1;20/10/2018 14:30:00;Strada Urbana;VIALE AVENTINO;all'intersezione con;VIA AVENTINA;VIA AVENTINA;;;Scontro frontale/laterale DX fra veicoli in marcia;Incrocio;Una carreggiata a senso unico di marcia;Asciutto;Acciotolata;Verticale ed orizzontale;Sereno;Scarso;Buona;Ore Diurne;2;0;0;1;12.4865;41.8822;-1;2;Autovettura privata;In marcia / fermata / arresto;Conducente;F;Rimandato;0;NON DECEDUTO;Non accertato;
4049095;3;12/10/2018 04:00:00;Strada Urbana;VIA DEL FORO ITALICO;da specificare;;;;alt. uscita Via dei Campi Sportivi dir. Olimpico.;Veicolo in marcia contro ostacolo fisso;Rettilineo;Due carreggiate;Asciutto;Asfaltata;Verticale ed orizzontale;Sereno;Scarso;Insufficiente;Insufficiente;0;0;0;2;12.4828;41.94;-1;1;Autovettura privata;In marcia / fermata / arresto;Conducente;M;Illeso;0;;Non accertato;Inesploso
4049095;3;12/10/2018 04:00:00;Strada Urbana;VIA DEL FORO ITALICO;da specificare;;;;alt. uscita Via dei Campi Sportivi dir. Olimpico.;Veicolo in marcia contro ostacolo fisso;Rettilineo;Due carreggiate;Asciutto;Asfaltata;Verticale ed orizzontale;Sereno;Scarso;Insufficiente;Insufficiente;0;0;0;2;12.4828;41.94;-1;1;Autovettura privata;In marcia / fermata / arresto;Passeggero;M;Illeso;0;;Non accertato;Inesploso
4049096;1;21/10/2018 09:00:00;Strada Urbana;VIA VENTI SETTEMBRE;in corrispondenza;;del civico n.;4;;Scontro frontale/laterale SX fra veicoli in marcia;Rettilineo;Una carreggiata a doppio senso;Asciutto;Asfaltata;Verticale ed orizzontale;Sereno;Normale;Buona;Ore Diurne;1;0;0;1;12.4926;41.9033;-1;1;Autovettura pubblica;In marcia / fermata / arresto;Conducente;M;Illeso;0;;Non accertato;Inesploso
4049096;1;21/10/2018 09:00:00;Strada Urbana;VIA VENTI SETTEMBRE;in corrispondenza;;del civico n.;4;;Scontro frontale/laterale SX fra veicoli in marcia;Rettilineo;Una carreggiata a doppio senso;Asciutto;Asfaltata;Verticale ed orizzontale;Sereno;Normale;Buona;Ore Diurne;1;0;0;1;12.4926;41.9033;-1;2;Motociclo a solo;In marcia / fermata / arresto;Conducente;M;Rifiuta cure immediate;0;NON DECEDUTO;Non accertato;
4049106;4;20/10/2018 12:00:00;Provinciale entro l'abitato;VIA NOMENTANA;da specificare;;;;Pross. Fr. Civ. 1111;Scontro frontale/laterale SX fra veicoli in marcia;Rettilineo;Una carreggiata a doppio senso;Asciutto;Asfaltata;Orizzontale;Sereno;Normale;Buona;Ore Diurne;0;0;0;3;12.5728;41.9579;-1;1;Motociclo con passeggero;In marcia / fermata / arresto;Passeggero;M;Illeso;0;;Non accertato;
4049106;4;20/10/2018 12:00:00;Provinciale entro l'abitato;VIA NOMENTANA;da specificare;;;;Pross. Fr. Civ. 1111;Scontro frontale/laterale SX fra veicoli in marcia;Rettilineo;Una carreggiata a doppio senso;Asciutto;Asfaltata;Orizzontale;Sereno;Normale;Buona;Ore Diurne;0;0;0;3;12.5728;41.9579;-1;1;Motociclo con passeggero;In marcia / fermata / arresto;Conducente;M;Illeso;0;;Non accertato;
4049106;4;20/10/2018 12:00:00;Provinciale entro l'abitato;VIA NOMENTANA;da specificare;;;;Pross. Fr. Civ. 1111;Scontro frontale/laterale SX fra veicoli in marcia;Rettilineo;Una carreggiata a doppio senso;Asciutto;Asfaltata;Orizzontale;Sereno;Normale;Buona;Ore Diurne;0;0;0;3;12.5728;41.9579;-1;2;Autovettura privata;In marcia / fermata / arresto;Conducente;M;Illeso;0;;Non accertato;
4049146;4;20/10/2018 17:30:00;Provinciale entro l'abitato;VIA NOMENTANA;da specificare;;;;alt. Via SACCO PASTORE;Tamponamento Multiplo;Rettilineo;Una carreggiata a doppio senso;Asciutto;Asfaltata;Verticale ed orizzontale;Sereno;Normale;Buona;Ore Diurne;0;0;0;6;12.5728;41.9579;-1;1;Autovettura privata;In marcia / fermata / arresto;Conducente;M;Illeso;0;;;
4049146;4;20/10/2018 17:30:00;Provinciale entro l'abitato;VIA NOMENTANA;da specificare;;;;alt. Via SACCO PASTORE;Tamponamento Multiplo;Rettilineo;Una carreggiata a doppio senso;Asciutto;Asfaltata;Verticale ed orizzontale;Sereno;Normale;Buona;Ore Diurne;0;0;0;6;12.5728;41.9579;-1;1;Autovettura privata;In marcia / fermata / arresto;Passeggero;F;Illeso;0;;;
4049146;4;20/10/2018 17:30:00;Provinciale entro l'abitato;VIA NOMENTANA;da specificare;;;;alt. Via SACCO PASTORE;Tamponamento Multiplo;Rettilineo;Una carreggiata a doppio senso;Asciutto;Asfaltata;Verticale ed orizzontale;Sereno;Normale;Buona;Ore Diurne;0;0;0;6;12.5728;41.9579;-1;1;Autovettura privata;In marcia / fermata / arresto;Passeggero;M;Illeso;0;;;
4049146;4;20/10/2018 17:30:00;Provinciale entro l'abitato;VIA NOMENTANA;da specificare;;;;alt. Via SACCO PASTORE;Tamponamento Multiplo;Rettilineo;Una carreggiata a doppio senso;Asciutto;Asfaltata;Verticale ed orizzontale;Sereno;Normale;Buona;Ore Diurne;0;0;0;6;12.5728;41.9579;-1;1;Autovettura privata;In marcia / fermata / arresto;Passeggero;F;Illeso;0;;;
4049146;4;20/10/2018 17:30:00;Provinciale entro l'abitato;VIA NOMENTANA;da specificare;;;;alt. Via SACCO PASTORE;Tamponamento Multiplo;Rettilineo;Una carreggiata a doppio senso;Asciutto;Asfaltata;Verticale ed orizzontale;Sereno;Normale;Buona;Ore Diurne;0;0;0;6;12.5728;41.9579;-1;2;Autovettura privata;In marcia / fermata / arresto;Conducente;M;Illeso;0;;;Inesploso
4049146;4;20/10/2018 17:30:00;Provinciale entro l'abitato;VIA NOMENTANA;da specificare;;;;alt. Via SACCO PASTORE;Tamponamento Multiplo;Rettilineo;Una carreggiata a doppio senso;Asciutto;Asfaltata;Verticale ed orizzontale;Sereno;Normale;Buona;Ore Diurne;0;0;0;6;12.5728;41.9579;-1;3;Autovettura privata;In marcia / fermata / arresto;Conducente;M;Illeso;0;;;
4049175;4;20/10/2018 11:15:00;Strada Urbana;VIA MONTE MASSICO;in corrispondenza;;del civico n.;88;;Scontro laterale fra veicoli in marcia;Rettilineo;Una carreggiata a doppio senso;Asciutto;Asfaltata;Verticale ed orizzontale;Sereno;Normale;Buona;Ore Diurne;0;0;0;2;12.5286;41.9513;-1;1;Autovettura privata;In marcia / fermata / arresto;Conducente;M;Illeso;0;;Non accertato;Inesploso
4049175;4;20/10/2018 11:15:00;Strada Urbana;VIA MONTE MASSICO;in corrispondenza;;del civico n.;88;;Scontro laterale fra veicoli in marcia;Rettilineo;Una carreggiata a doppio senso;Asciutto;Asfaltata;Verticale ed orizzontale;Sereno;Normale;Buona;Ore Diurne;0;0;0;2;12.5286;41.9513;-1;2;Autovettura privata;In marcia / fermata / arresto;Conducente;M;Illeso;0;;Non accertato;Inesploso
4049194;7;19/10/2018 10:00:00;Strada Urbana;VIA DEI CASTANI;all'intersezione con;VIA DELLE PALME;VIA DELLE PALME;;;Veicolo in marcia contro veicolo in sosta;Incrocio;Una carreggiata a doppio senso;Asciutto;Asfaltata;Verticale ed orizzontale;Sereno;Normale;Buona;Ore Diurne;0;0;0;1;12.5651;41.8893;-1;2;Autovettura privata;In marcia / fermata / arresto;Conducente;M;Illeso;0;;Non accertato;Inesploso
4049210;18;19/10/2018 13:15:00;Strada Urbana;VIA S. DAMASO;da specificare;;;;tra civ. 17 e civ. 23;Investimento di pedone;Pendenza;Una carreggiata a doppio senso;Asciutto;Asfaltata;Verticale ed orizzontale;Sereno;Normale;Buona;Ore Diurne;0;0;0;2;12.4449;41.8949;-1;;;;Pedone;M;Illeso;0;;;
4049210;18;19/10/2018 13:15:00;Strada Urbana;VIA S. DAMASO;da specificare;;;;tra civ. 17 e civ. 23;Investimento di pedone;Pendenza;Una carreggiata a doppio senso;Asciutto;Asfaltata;Verticale ed orizzontale;Sereno;Normale;Buona;Ore Diurne;0;0;0;2;12.4449;41.8949;-1;1;Autovettura privata;In marcia / fermata / arresto;Conducente;F;Illeso;0;;Non accertato;Inesploso
4049225;4;20/10/2018 20:30:00;Strada Urbana;VIA DELLA BUFALOTTA;all'intersezione con;VIA RENATO FUCINI;VIA RENATO FUCINI;;;Scontro frontale/laterale SX fra veicoli in marcia;Intersezione semaforizzata;Due carreggiate;Asciutto;Asfaltata;Verticale ed orizzontale;Sereno;Normale;Sufficiente;Sufficiente;0;0;0;2;12.5499;41.9676;-1;1;Autovettura privata;In marcia / fermata / arresto;Conducente;F;Illeso;0;;Non accertato;
4049225;4;20/10/2018 20:30:00;Strada Urbana;VIA DELLA BUFALOTTA;all'intersezione con;VIA RENATO FUCINI;VIA RENATO FUCINI;;;Scontro frontale/laterale SX fra veicoli in marcia;Intersezione semaforizzata;Due carreggiate;Asciutto;Asfaltata;Verticale ed orizzontale;Sereno;Normale;Sufficiente;Sufficiente;0;0;0;2;12.5499;41.9676;-1;2;Autovettura privata;In marcia / fermata / arresto;Conducente;M;Illeso;0;;Non accertato;
4049229;7;20/10/2018 15:45:00;Strada Urbana;VIA PRENESTINA;in corrispondenza;;del civico n.;1026;;Scontro frontale/laterale SX fra veicoli in marcia;Rettilineo;Una carreggiata a doppio senso;Asciutto;Asfaltata;Orizzontale;Sereno;Normale;Buona;Ore Diurne;1;0;0;1;12.6102;41.8935;-1;1;Autovettura privata;In marcia / fermata / arresto;Conducente;M;Illeso;0;;Non accertato;Inesploso