Protocollo;Gruppo;DataOraIncidente;Localizzazione1;STRADA1;Localizzazione2;STRADA2;Strada02;Chilometrica;DaSpecificare;NaturaIncidente;particolaritastrade;TipoStrada;FondoStradale;Pavimentazione;Segnaletica;CondizioneAtmosferica;Traffico;Visibilita;Illuminazione;NUM_FERITI;NUM_RISERVATA;NUM_MORTI;NUM_ILLESI;Longitudine;Latitudine;Confermato;Progressivo;TipoVeicolo;StatoVeicolo;TipoPersona;Sesso;Tipolesione;Deceduto;DecedutoDopo;CinturaCascoUtilizzato;Airbag;
4056534;19;25/10/2018 15:45:00;Strada Urbana;VIA MASSIMI;in corrispondenza;;del civico n.;38;;Tamponamento;Rettilineo;Una carreggiata a doppio senso;Asciutto;Asfaltata;Assente;Sereno;Normale;Buona;Ore Diurne;0;0;0;1;12.4441;41.9274;-1;1;Autovettura privata;In marcia / fermata / arresto;Conducente;F;Illeso;0;;Non accertato;Inesploso
4056545;18;25/10/2018 18:45:00;Strada Urbana;VIA AURELIA;all'intersezione con;VIA DI PORTA PERTUSA;VIA DI PORTA PERTUSA;;;Scontro laterale fra veicoli in marcia;Intersezione stradale segnalata;Una carreggiata a doppio senso;Asciutto;Asfaltata;Orizzontale;Sereno;Intenso;Buona;Sufficiente;1;0;0;2;12.4459;41.9015;-1;1;Autovettura privata;In marcia / fermata / arresto;Conducente;F;Illeso;0;;Non accertato;Inesploso
4056545;18;25/10/2018 18:45:00;Strada Urbana;VIA AURELIA;all'intersezione con;VIA DI PORTA PERTUSA;VIA DI PORTA PERTUSA;;;Scontro laterale fra veicoli in marcia;Intersezione stradale segnalata;Una carreggiata a doppio senso;Asciutto;Asfaltata;Orizzontale;Sereno;Intenso;Buona;Sufficiente;1;0;0;2;12.4459;41.9015;-1;1;Autovettura privata;In marcia / fermata / arresto;Passeggero;M;Illeso;0;;Non accertato;Inesploso
4056545;18;25/10/2018 18:45:00;Strada Urbana;VIA AURELIA;all'intersezione con;VIA DI PORTA PERTUSA;VIA DI PORTA PERTUSA;;;Scontro laterale fra veicoli in marcia;Intersezione stradale segnalata;Una carreggiata a doppio senso;Asciutto;Asfaltata;Orizzontale;Sereno;Intenso;Buona;Sufficiente;1;0;0;2;12.4459;41.9015;-1;2;Motociclo a solo;In marcia / fermata / arresto;Conducente;M;Rifiuta cure immediate;0;NON DECEDUTO;Non accertato;
4056556;9;25/10/2018 16:30:00;Strada Urbana;VIA APPIA NUOVA;in corrispondenza;;del civico n.;406;;Scontro laterale fra veicoli in marcia;Rettilineo;Più di due carreggiate;Asciutto;Asfaltata;Assente;Sereno;Intenso;Buona;Ore Diurne;0;0;0;2;12.5217;41.8755;-1;1;Autovettura privata;In marcia / fermata / arresto;Conducente;M;Illeso;0;;Non accertato;Inesploso
4056556;9;25/10/2018 16:30:00;Strada Urbana;VIA APPIA NUOVA;in corrispondenza;;del civico n.;406;;Scontro laterale fra veicoli in marcia;Rettilineo;Più di due carreggiate;Asciutto;Asfaltata;Assente;Sereno;Intenso;Buona;Ore Diurne;0;0;0;2;12.5217;41.8755;-1;2;Autovettura privata;In marcia / fermata / arresto;Conducente;F;Illeso;0;;Non accertato;Inesploso
4056570;4;24/10/2018 11:00:00;Strada Urbana;VIA RENATO FUCINI;all'intersezione con;VIA LUIGI CAPUANA;VIA LUIGI CAPUANA;;;Veicolo in marcia contro veicolo in sosta;Intersezione stradale segnalata;Due carreggiate;Asciutto;Asfaltata;Verticale ed orizzontale;Sereno;Normale;Buona;Ore Diurne;0;0;0;1;12.5495;41.9498;-1;1;Autovettura privata;In marcia / fermata / arresto;Conducente;M;Illeso;0;;Non accertato;
4056573;20;26/10/2018 07:30:00;Altra strada;LARGO DELL'OLGIATA;da specificare;;;;interno comprensorio Strada C tra palo 62 e 63;Scontro laterale fra veicoli in marcia;Rettilineo;Una carreggiata a doppio senso;Asciutto;Asfaltata;Verticale;Nuvoloso;Scarso;Buona;Ore Diurne;1;0;0;2;12.3597;42.0239;-1;1;Motociclo con passeggero;In marcia / fermata / arresto;Conducente;M;Illeso;0;;Non accertato;
4056573;20;26/10/2018 07:30:00;Altra strada;LARGO DELL'OLGIATA;da specificare;;;;interno comprensorio Strada C tra palo 62 e 63;Scontro laterale fra veicoli in marcia;Rettilineo;Una carreggiata a doppio senso;Asciutto;Asfaltata;Verticale;Nuvoloso;Scarso;Buona;Ore Diurne;1;0;0;2;12.3597;42.0239;-1;1;Motociclo con passeggero;In marcia / fermata / arresto;Passeggero;M;Rimandato;0;NON DECEDUTO;Non accertato;
4056573;20;26/10/2018 07:30:00;Altra strada;LARGO DELL'OLGIATA;da specificare;;;;interno comprensorio Strada C tra palo 62 e 63;Scontro laterale fra veicoli in marcia;Rettilineo;Una carreggiata a doppio senso;Asciutto;Asfaltata;Verticale;Nuvoloso;Scarso;Buona;Ore Diurne;1;0;0;2;12.3597;42.0239;-1;2;Autovettura privata;In marcia / fermata / arresto;Conducente;F;Illeso;0;;Non accertato;Inesploso
4056592;4;25/10/2018 10:00:00;Strada Urbana;VIA NOMENTANA;da specificare;;;;f.c. 468/470;Scontro laterale fra veicoli in marcia;Rettilineo;Una carreggiata a doppio senso;Asciutto;Asfaltata;Verticale ed orizzontale;Sereno;Normale;Buona;Ore Diurne;1;0;0;2;12.5728;41.9579;-1;1;Autocarro inferiore 35 q.;In marcia / fermata / arresto;Conducente;M;Illeso;0;;Non accertato;
4056592;4;25/10/2018 10:00:00;Strada Urbana;VIA NOMENTANA;da specificare;;;;f.c. 468/470;Scontro laterale fra veicoli in marcia;Rettilineo;Una carreggiata a doppio senso;Asciutto;Asfaltata;Verticale ed orizzontale;Sereno;Normale;Buona;Ore Diurne;1;0;0;2;12.5728;41.9579;-1;1;Autocarro inferiore 35 q.;In marcia / fermata / arresto;Passeggero;M;Illeso;0;;Non accertato;
4056592;4;25/10/2018 10:00:00;Strada Urbana;VIA NOMENTANA;da specificare;;;;f.c. 468/470;Scontro laterale fra veicoli in marcia;Rettilineo;Una carreggiata a doppio senso;Asciutto;Asfaltata;Verticale ed orizzontale;Sereno;Normale;Buona;Ore Diurne;1;0;0;2;12.5728;41.9579;-1;2;Motociclo a solo;In marcia / fermata / arresto;Conducente;F;Rimandato;0;NON DECEDUTO;;
4056600;1;23/10/2018 16:30:00;Strada Urbana;VIALE ENRICO DE NICOLA;da specificare;;;;altezza palo ACEA N. 23;Scontro laterale fra veicoli in marcia;Rettilineo;Due carreggiate;Asciutto;Asfaltata;Verticale ed orizzontale;Sereno;Normale;Buona;Ore Diurne;0;0;0;2;12.4994;41.9027;-1;1;Autovettura privata;In marcia / fermata / arresto;Conducente;M;Illeso;0;;Non accertato;Inesploso
4056600;1;23/10/2018 16:30:00;Strada Urbana;VIALE ENRICO DE NICOLA;da specificare;;;;altezza palo ACEA N. 23;Scontro laterale fra veicoli in marcia;Rettilineo;Due carreggiate;Asciutto;Asfaltata;Verticale ed orizzontale;Sereno;Normale;Buona;Ore Diurne;0;0;0;2;12.4994;41.9027;-1;2;Autovettura privata;In marcia / fermata / arresto;Conducente;M;Illeso;0;;Non accertato;Inesploso
4056609;15;26/10/2018 10:15:00;Strada Urbana;PIAZZA DELLA RADIO;all'intersezione con;VIA ANTONIO PACINOTTI;VIA ANTONIO PACINOTTI;;;Scontro laterale fra veicoli in marcia;Incrocio;Una carreggiata a doppio senso;Asciutto;Asfaltata;Orizzontale;Sereno;Normale;Buona;Ore Diurne;0;0;0;2;12.4669;41.87;-1;1;Autovettura privata;In marcia / fermata / arresto;Conducente;F;Illeso;0;;Non accertato;Inesploso
4056609;15;26/10/2018 10:15:00;Strada Urbana;PIAZZA DELLA RADIO;all'intersezione con;VIA ANTONIO PACINOTTI;VIA ANTONIO PACINOTTI;;;Scontro laterale fra veicoli in marcia;Incrocio;Una carreggiata a doppio senso;Asciutto;Asfaltata;Orizzontale;Sereno;Normale;Buona;Ore Diurne;0;0;0;2;12.4669;41.87;-1;2;Motociclo a solo;In marcia / fermata / arresto;Conducente;M;Illeso;0;;Utilizzato;
4056640;13;25/10/2018 13:10:00;Strada Urbana;VIA DELLE CANARIE;da specificare;;;;Altezza Via Delle Baleari;Scontro laterale fra veicoli in marcia;Rettilineo;Una carreggiata a doppio senso;Asciutto;Asfaltata;Verticale ed orizzontale;Sereno;Scarso;Buona;Ore Diurne;0;0;0;1;12.2815;41.7395;-1;1;Autovettura privata;In marcia / fermata / arresto;Conducente;M;Illeso;0;;Non accertato;Inesploso
4056642;12;25/10/2018 20:00:00;Strada Urbana;VIA DEI BATTAGLIONI D'ASSALTO;all'intersezione con;VIA DEI MITRAGLIERI;VIA DEI MITRAGLIERI;;;Scontro frontale/laterale SX fra veicoli in marcia;Incrocio;Una carreggiata a doppio senso;Asciutto;Asfaltata;Assente;Sereno;Scarso;Sufficiente;Sufficiente;2;0;0;3;12.4884;41.8126;-1;1;Autovettura privata;In marcia / fermata / arresto;Conducente;M;Illeso;0;;Non accertato;Inesploso
4056642;12;25/10/2018 20:00:00;Strada Urbana;VIA DEI BATTAGLIONI D'ASSALTO;all'intersezione con;VIA DEI MITRAGLIERI;VIA DEI MITRAGLIERI;;;Scontro frontale/laterale SX fra veicoli in marcia;Incrocio;Una carreggiata a doppio senso;Asciutto;Asfaltata;Assente;Sereno;Scarso;Sufficiente;Sufficiente;2;0;0;3;12.4884;41.8126;-1;1;Autovettura privata;In marcia / fermata / arresto;Passeggero;M;Illeso;0;;Non accertato;Inesploso
4056642;12;25/10/2018 20:00:00;Strada Urbana;VIA DEI BATTAGLIONI D'ASSALTO;all'intersezione con;VIA DEI MITRAGLIERI;VIA DEI MITRAGLIERI;;;Scontro frontale/laterale SX fra veicoli in marcia;Incrocio;Una carreggiata a doppio senso;Asciutto;Asfaltata;Assente;Sereno;Scarso;Sufficiente;Sufficiente;2;0;0;3;12.4884;41.8126;-1;1;Autovettura privata;In marcia / fermata / arresto;Passeggero;M;Illeso;0;;Non accertato;Inesploso
4056642;12;25/10/2018 20:00:00;Strada Urbana;VIA DEI BATTAGLIONI D'ASSALTO;all'intersezione con;VIA DEI MITRAGLIERI;VIA DEI MITRAGLIERI;;;Scontro frontale/laterale SX fra veicoli in marcia;Incrocio;Una carreggiata a doppio senso;Asciutto;Asfaltata;Assente;Sereno;Scarso;Sufficiente;Sufficiente;2;0;0;3;12.4884;41.8126;-1;2;Autovettura privata;In marcia / fermata / arresto;Conducente;M;Rimandato;0;NON DECEDUTO;Non accertato;Inesploso
4056642;12;25/10/2018 20:00:00;Strada Urbana;VIA DEI BATTAGLIONI D'ASSALTO;all'intersezione con;VIA DEI MITRAGLIERI;VIA DEI MITRAGLIERI;;;Scontro frontale/laterale SX fra veicoli in marcia;Incrocio;Una carreggiata a doppio senso;Asciutto;Asfaltata;Assente;Sereno;Scarso;Sufficiente;Sufficiente;2;0;0;3;12.4884;41.8126;-1;2;Autovettura privata;In marcia / fermata / arresto;Passeggero;M;Rimandato;0;NON DECEDUTO;Non accertato;Inesploso
4056645;17;25/10/2018 18:35:00;Strada Urbana;PIAZZA GIUSEPPE MAZZINI;da specificare;;;;FRONTE VIA GIUSEPPE FERRARI;Scontro laterale fra veicoli in marcia;Rettilineo;Una carreggiata a senso unico di marcia;Asciutto;Asfaltata;Verticale ed orizzontale;Sereno;Normale;Buona;Ore Diurne;0;0;0;3;12.4638;41.9154;-1;1;Autovettura privata;In marcia / fermata / arresto;Conducente;M;Illeso;0;;;
4056645;17;25/10/2018 18:35:00;Strada Urbana;PIAZZA GIUSEPPE MAZZINI;da specificare;;;;FRONTE VIA GIUSEPPE FERRARI;Scontro laterale fra veicoli in marcia;Rettilineo;Una carreggiata a senso unico di marcia;Asciutto;Asfaltata;Verticale ed orizzontale;Sereno;Normale;Buona;Ore Diurne;0;0;0;3;12.4638;41.9154;-1;2;Autovettura privata;In marcia / fermata / arresto;Conducente;M;Illeso;0;;;
4056645;17;25/10/2018 18:35:00;Strada Urbana;PIAZZA GIUSEPPE MAZZINI;da specificare;;;;FRONTE VIA GIUSEPPE FERRARI;Scontro laterale fra veicoli in marcia;Rettilineo;Una carreggiata a senso unico di marcia;Asciutto;Asfaltata;Verticale ed orizzontale;Sereno;Normale;Buona;Ore Diurne;0;0;0;3;12.4638;41.9154;-1;2;Autovettura privata;In marcia / fermata / arresto;Passeggero;M;Illeso;0;;;
4056689;1;24/10/2018 14:40:00;Strada Urbana;PIAZZALE NUMA POMPILIO;all'intersezione semaforizzata con;VIALE DELLE TERME DI CARACALLA;VIALE DELLE TERME DI CARACALLA;;;Scontro laterale fra veicoli in marcia;Intersezione semaforizzata;Più di due carreggiate;Asciutto;Asfaltata;Verticale ed orizzontale;Sereno;Normale;Buona;Ore Diurne;1;0;0;1;12.4962;41.88;-1;1;Autovettura privata;In marcia / fermata / arresto;Conducente;M;Illeso;0;;Non accertato;Inesploso
4056689;1;24/10/2018 14:40:00;Strada Urbana;PIAZZALE NUMA POMPILIO;all'intersezione semaforizzata con;VIALE DELLE TERME DI CARACALLA;VIALE DELLE TERME DI CARACALLA;;;Scontro laterale fra veicoli in marcia;Intersezione semaforizzata;Più di due carreggiate;Asciutto;Asfaltata;Verticale ed orizzontale;Sereno;Normale;Buona;Ore Diurne;1;0;0;1;12.4962;41.88;-1;2;Motociclo a solo;In marcia / fermata / arresto;Conducente;M;Rimandato;0;NON DECEDUTO;Non accertato;
4056696;20;26/10/2018 07:40:00;Regionale entro l'abitato;VIA CASSIA NUOVA;all'intersezione semaforizzata con;VIA FLAMINIA NUOVA;VIA FLAMINIA NUOVA;;;Scontro laterale fra veicoli in marcia;Intersezione semaforizzata;Due carreggiate;Asciutto;Asfaltata;Verticale ed orizzontale;Nuvoloso;Intenso;Buona;Ore Diurne;0;0;0;5;12.4648;41.9537;-1;1;Autovettura privata;In marcia / fermata / arresto;Conducente;M;Illeso;0;;Non accertato;Inesploso
4056696;20;26/10/2018 07:40:00;Regionale entro l'abitato;VIA CASSIA NUOVA;all'intersezione semaforizzata con;VIA FLAMINIA NUOVA;VIA FLAMINIA NUOVA;;;Scontro laterale fra veicoli in marcia;Intersezione semaforizzata;Due carreggiate;Asciutto;Asfaltata;Verticale ed orizzontale;Nuvoloso;Intenso;Buona;Ore Diurne;0;0;0;5;12.4648;41.9537;-1;1;Autovettura privata;In marcia / fermata / arresto;Passeggero;F;Illeso;0;;Non accertato;Inesploso
4056696;20;26/10/2018 07:40:00;Regionale entro l'abitato;VIA CASSIA NUOVA;all'intersezione semaforizzata con;VIA FLAMINIA NUOVA;VIA FLAMINIA NUOVA;;;Scontro laterale fra veicoli in marcia;Intersezione semaforizzata;Due carreggiate;Asciutto;Asfaltata;Verticale ed orizzontale;Nuvoloso;Intenso;Buona;Ore Diurne;0;0;0;5;12.4648;41.9537;-1;1;Autovettura privata;In marcia / fermata / arresto;Passeggero;M;Illeso;0;;Non accertato;Inesploso
4056696;20;26/10/2018 07:40:00;Regionale entro l'abitato;VIA CASSIA NUOVA;all'intersezione semaforizzata con;VIA FLAMINIA NUOVA;VIA FLAMINIA NUOVA;;;Scontro laterale fra veicoli in marcia;Intersezione semaforizzata;Due carreggiate;Asciutto;Asfaltata;Verticale ed orizzontale;Nuvoloso;Intenso;Buona;Ore Diurne;0;0;0;5;12.4648;41.9537;-1;2;Autovettura privata;In marcia / fermata / arresto;Conducente;M;Illeso;0;;Non accertato;Inesploso
4056696;20;26/10/2018 07:40:00;Regionale entro l'abitato;VIA CASSIA NUOVA;all'intersezione semaforizzata con;VIA FLAMINIA NUOVA;VIA FLAMINIA NUOVA;;;Scontro laterale fra veicoli in marcia;Intersezione semaforizzata;Due carreggiate;Asciutto;Asfaltata;Verticale ed orizzontale;Nuvoloso;Intenso;Buona;Ore Diurne;0;0;0;5;12.4648;41.9537;-1;2;Autovettura privata;In marcia / fermata / arresto;Passeggero;M;Illeso;0;;Non accertato;Inesploso
4056711;1;24/10/2018 18:30:00;Strada Urbana;VICOLO SCAVOLINO;in prossimità;;del civico n.;72;;Infortunio per sola frenata improvvisa;Rettilineo;Una carreggiata a senso unico di marcia;Asciutto;In cubetti di porfido;Verticale;Sereno;Scarso;Sufficiente;Sufficiente;0;0;0;1;12.4841;41.9012;-1;2;Motociclo di polizia;In marcia / fermata / arresto;Conducente;M;Illeso;0;;Non accertato;
4056720;16;25/10/2018 08:00:00;Strada Urbana;CIRCONVALLAZIONE GIANICOLENSE;in prossimità;;del civico n.;17/19;;Scontro laterale fra veicoli in marcia;Rettilineo;Una carreggiata a senso unico di marcia;Asciutto;Asfaltata;Assente;Sereno;Normale;Buona;Ore Diurne;1;0;0;0;12.4648;41.8729;-1;1;Motociclo a solo;In marcia / fermata / arresto;Conducente;M;Rimandato;0;NON DECEDUTO;Non accertato;
4056729;1;24/10/2018 19:48:00;Strada Urbana;PIAZZA DEL COLOSSEO;in prossimità;;del civico n.;6;;Veicolo in marcia contro veicolo in sosta;Rettilineo;Una carreggiata a doppio senso;Asciutto;Asfaltata;Verticale ed orizzontale;Sereno;Scarso;Sufficiente;Sufficiente;0;0;0;1;;;0;1;Autobus di linea;In marcia / fermata / arresto;Conducente;M;Illeso;0;;Non accertato;Inesploso
4056732;16;25/10/2018 08:30:00;Strada Urbana;VIALE DI VILLA PAMPHILI;all'intersezione con;VIA ANDREA BUSIRI VICI;VIA ANDREA BUSIRI VICI;;;Tamponamento;Intersezione stradale segnalata;Due carreggiate;Asciutto;Asfaltata;Verticale ed orizzontale;Sereno;Normale;Buona;Ore Diurne;1;0;0;3;12.4565;41.8827;-1;1;Motociclo a solo;In marcia / fermata / arresto;Conducente;M;Rimandato;0;NON DECEDUTO;Non accertato;
4056732;16;25/10/2018 08:30:00;Strada Urbana;VIALE DI VILLA PAMPHILI;all'intersezione con;VIA ANDREA BUSIRI VICI;VIA ANDREA BUSIRI VICI;;;Tamponamento;Intersezione stradale segnalata;Due carreggiate;Asciutto;Asfaltata;Verticale ed orizzontale;Sereno;Normale;Buona;Ore Diurne;1;0;0;3;12.4565;41.8827;-1;2;Autovettura privata;In marcia / fermata / arresto;Conducente;M;Illeso;0;;Non accertato;Inesploso
4056732;16;25/10/2018 08:30:00;Strada Urbana;VIALE DI VILLA PAMPHILI;all'intersezione con;VIA ANDREA BUSIRI VICI;VIA ANDREA BUSIRI VICI;;;Tamponamento;Intersezione stradale segnalata;Due carreggiate;Asciutto;Asfaltata;Verticale ed orizzontale;Sereno;Normale;Buona;Ore Diurne;1;0;0;3;12.4565;41.8827;-1;2;Autovettura privata;In marcia / fermata / arresto;Passeggero;F;Illeso;0;;Non accertato;Inesistente
4056732;16;25/10/2018 08:30:00;Strada Urbana;VIALE DI VILLA PAMPHILI;all'intersezione con;VIA ANDREA BUSIRI VICI;VIA ANDREA BUSIRI VICI;;;Tamponamento;Intersezione stradale segnalata;Due carreggiate;Asciutto;Asfaltata;Verticale ed orizzontale;Sereno;Normale;Buona;Ore Diurne;1;0;0;3;12.4565;41.8827;-1;2;Autovettura privata;In marcia / fermata / arresto;Passeggero;M;Illeso;0;;Non accertato;Inesistente
4056780;16;25/10/2018 12:05:00;Strada Urbana;VIALE DI TRASTEVERE;in corrispondenza;;del civico n.;259;;Tamponamento;Rettilineo;Più di due carreggiate;Asciutto;Asfaltata;Verticale ed orizzontale;Sereno;Normale;Buona;Ore Diurne;1;0;0;1;12.466;41.8755;-1;1;Autovettura privata;In marcia / fermata / arresto;Conducente;F;Illeso;0;;Non accertato;Inesploso
4056780;16;25/10/2018 12:05:00;Strada Urbana;VIALE DI TRASTEVERE;in corrispondenza;;del civico n.;259;;Tamponamento;Rettilineo;Più di due carreggiate;Asciutto;Asfaltata;Verticale ed orizzontale;Sereno;Normale;Buona;Ore Diurne;1;0;0;1;12.466;41.8755;-1;2;Motociclo con passeggero;In marcia / fermata / arresto;Conducente;F;Rimandato;0;NON DECEDUTO;Non accertato;
4056796;6;26/10/2018 12:00:00;Strada Urbana;VIA DEI GORDIANI;in corrispondenza;;del civico n.;f.c. 46;;Scontro laterale fra veicoli in marcia;Rettilineo;Una carreggiata a doppio senso;Asciutto;Asfaltata;Orizzontale;Nuvoloso;Normale;Buona;Ore Diurne;1;0;0;2;12.5531;41.8829;-1;1;Autovettura privata;In marcia / fermata / arresto;Conducente;M;Illeso;0;;;
4056796;6;26/10/2018 12:00:00;Strada Urbana;VIA DEI GORDIANI;in corrispondenza;;del civico n.;f.c. 46;;Scontro laterale fra veicoli in marcia;Rettilineo;Una carreggiata a doppio senso;Asciutto;Asfaltata;Orizzontale;Nuvoloso;Normale;Buona;Ore Diurne;1;0;0;2;12.5531;41.8829;-1;1;Autovettura privata;In marcia / fermata / arresto;Passeggero;M;Illeso;0;;;
4056796;6;26/10/2018 12:00:00;Strada Urbana;VIA DEI GORDIANI;in corrispondenza;;del civico n.;f.c. 46;;Scontro laterale fra veicoli in marcia;Rettilineo;Una carreggiata a doppio senso;Asciutto;Asfaltata;Orizzontale;Nuvoloso;Normale;Buona;Ore Diurne;1;0;0;2;12.5531;41.8829;-1;2;Motociclo a solo;In marcia / fermata / arresto;Conducente;M;Rimandato;0;NON DECEDUTO;Non accertato;
4056880;6;26/10/2018 12:05:00;Strada Urbana;VIA DEI GORDIANI;in corrispondenza;;del civico n.;46;;Veicolo in marcia contro veicolo in sosta;Rettilineo;Due carreggiate;Asciutto;Asfaltata;Orizzontale;Nuvoloso;Normale;Buona;Ore Diurne;0;0;0;1;12.5531;41.8828;-1;1;Autovettura privata;In marcia / fermata / arresto;Conducente;M;Illeso;0;;Non accertato;Inesploso
4057024;2;26/10/2018 11:00:00;Strada Urbana;VIA ELEONORA DUSE;in prossimità;;del civico n.;5H;;Veicolo in marcia contro veicolo in sosta;Rettilineo;Una carreggiata a senso unico di marcia;Asciutto;Asfaltata;Verticale ed orizzontale;Sereno;Scarso;Buona;Ore Diurne;0;0;0;1;12.4919;41.9282;-1;1;Autocarro inferiore 35 q.;In marcia / fermata / arresto;Conducente;M;Illeso;0;;;
4057210;17;25/10/2018 21:15:00;Strada Urbana;VIALE DELLE MEDAGLIE D'ORO;in prossimità;;del civico n.;51;;Scontro frontale/laterale SX fra veicoli in marcia;Rettilineo;Una carreggiata a doppio senso;Asciutto;Asfaltata;Orizzontale;Sereno;Normale;Sufficiente;Sufficiente;1;0;0;2;12.4461;41.9106;-1;1;Autovettura privata;In marcia / fermata / arresto;Conducente;M;Illeso;0;;;
4057210;17;25/10/2018 21:15:00;Strada Urbana;VIALE DELLE MEDAGLIE D'ORO;in prossimità;;del civico n.;51;;Scontro frontale/laterale SX fra veicoli in marcia;Rettilineo;Una carreggiata a doppio senso;Asciutto;Asfaltata;Orizzontale;Sereno;Normale;Sufficiente;Sufficiente;1;0;0;2;12.4461;41.9106;-1;1;Autovettura privata;In marcia / fermata / arresto;Passeggero;F;Illeso;0;;;
4057210;17;25/10/2018 21:15:00;Strada Urbana;VIALE DELLE MEDAGLIE D'ORO;in prossimità;;del civico n.;51;;Scontro frontale/laterale SX fra veicoli in marcia;Rettilineo;Una carreggiata a doppio senso;Asciutto;Asfaltata;Orizzontale;Sereno;Normale;Sufficiente;Sufficiente;1;0;0;2;12.4461;41.9106;-1;2;Motociclo a solo;In marcia / fermata / arresto;Conducente;M;Rimandato;0;NON DECEDUTO;;
4057301;17;25/10/2018 22:30:00;Strada Urbana;PIAZZA DELLA BOCCA DELLA VERITA';da specificare;;;;proveniente da via l. Petroselli;Veicolo in marcia contro veicolo fermo;Rettilineo;Una carreggiata a senso unico di marcia;Asciutto;In cubetti di porfido;Verticale ed orizzontale;Sereno;Scarso;Sufficiente;Sufficiente;0;0;0;3;12.4815;41.8888;-1;1;Autovettura privata;In marcia / fermata / arresto;Conducente;M;Illeso;0;;;
4057301;17;25/10/2018 22:30:00;Strada Urbana;PIAZZA DELLA BOCCA DELLA VERITA';da specificare;;;;proveniente da via l. Petroselli;Veicolo in marcia contro veicolo fermo;Rettilineo;Una carreggiata a senso unico di marcia;Asciutto;In cubetti di porfido;Verticale ed orizzontale;Sereno;Scarso;Sufficiente;Sufficiente;0;0;0;3;12.4815;41.8888;-1;1;Autovettura privata;In marcia / fermata / arresto;Passeggero;F;Illeso;0;;;
4057301;17;25/10/2018 22:30:00;Strada Urbana;PIAZZA DELLA BOCCA DELLA VERITA';da specificare;;;;proveniente da via l. Petroselli;Veicolo in marcia contro veicolo fermo;Rettilineo;Una carreggiata a senso unico di marcia;Asciutto;In cubetti di porfido;Verticale ed orizzontale;Sereno;Scarso;Sufficiente;Sufficiente;0;0;0;3;12.4815;41.8888;-1;2;Autobus turistico;Allontanatosi;Passeggero;M;Illeso;0;;;
4057333;2;26/10/2018 13:55:00;Strada Urbana;VIALE DELLA MOSCHEA;da specificare;;;;prossimità civico 85;Veicolo in marcia contro ostacolo accidentale;Rettilineo;Una carreggiata a doppio senso;Asciutto;Asfaltata;Verticale ed orizzontale;Sereno;Scarso;Buona;Ore Diurne;0;0;0;6;12.493;41.9338;-1;1;Autovettura privata;In marcia / fermata / arresto;Conducente;F;Illeso;0;;Non accertato;Inesploso
4057333;2;26/10/2018 13:55:00;Strada Urbana;VIALE DELLA MOSCHEA;da specificare;;;;prossimità civico 85;Veicolo in marcia contro ostacolo accidentale;Rettilineo;Una carreggiata a doppio senso;Asciutto;Asfaltata;Verticale ed orizzontale;Sereno;Scarso;Buona;Ore Diurne;0;0;0;6;12.493;41.9338;-1;1;Autovettura privata;In marcia / fermata / arresto;Passeggero;M;Illeso;0;;Non accertato;Inesploso
4057333;2;26/10/2018 13:55:00;Strada Urbana;VIALE DELLA MOSCHEA;da specificare;;;;prossimità civico 85;Veicolo in marcia contro ostacolo accidentale;Rettilineo;Una carreggiata a doppio senso;Asciutto;Asfaltata;Verticale ed orizzontale;Sereno;Scarso;Buona;Ore Diurne;0;0;0;6;12.493;41.9338;-1;1;Autovettura privata;In marcia / fermata / arresto;Passeggero;M;Illeso;0;;Non accertato;Inesploso
4057333;2;26/10/2018 13:55:00;Strada Urbana;VIALE DELLA MOSCHEA;da specificare;;;;prossimità civico 85;Veicolo in marcia contro ostacolo accidentale;Rettilineo;Una carreggiata a doppio senso;Asciutto;Asfaltata;Verticale ed orizzontale;Sereno;Scarso;Buona;Ore Diurne;0;0;0;6;12.493;41.9338;-1;1;Autovettura privata;In marcia / fermata / arresto;Passeggero;F;Illeso;0;;;
4057333;2;26/10/2018 13:55:00;Strada Urbana;VIALE DELLA MOSCHEA;da specificare;;;;prossimità civico 85;Veicolo in marcia contro ostacolo accidentale;Rettilineo;Una carreggiata a doppio senso;Asciutto;Asfaltata;Verticale ed orizzontale;Sereno;Scarso;Buona;Ore Diurne;0;0;0;6;12.493;41.9338;-1;1;Autovettura privata;In marcia / fermata / arresto;Passeggero;M;Illeso;0;;Non accertato;Inesploso
4057333;2;26/10/2018 13:55:00;Strada Urbana;VIALE DELLA MOSCHEA;da specificare;;;;prossimità civico 85;Veicolo in marcia contro ostacolo accidentale;Rettilineo;Una carreggiata a doppio senso;Asciutto;Asfaltata;Verticale ed orizzontale;Sereno;Scarso;Buona;Ore Diurne;0;0;0;6;12.493;41.9338;-1;2;Autovettura privata;In marcia / fermata / arresto;Conducente;M;Illeso;0;;Non accertato;Inesploso
4057620;15;26/10/2018 13:30:00;Strada Urbana;VIA LARI;all'intersezione con;VIA CUTIGLIANO;VIA CUTIGLIANO;;;Scontro laterale fra veicoli in marcia;Intersezione stradale segnalata;Una carreggiata a doppio senso;Asciutto;Asfaltata;Verticale ed orizzontale;Sereno;Normale;Buona;Ore Diurne;0;0;0;2;12.4609;41.8487;-1;1;Autovettura privata;In marcia / fermata / arresto;Conducente;M;Illeso;0;;;Inesploso