Protocollo;Gruppo;DataOraIncidente;Localizzazione1;STRADA1;Localizzazione2;STRADA2;Strada02;Chilometrica;DaSpecificare;NaturaIncidente;particolaritastrade;TipoStrada;FondoStradale;Pavimentazione;Segnaletica;CondizioneAtmosferica;Traffico;Visibilita;Illuminazione;NUM_FERITI;NUM_RISERVATA;NUM_MORTI;NUM_ILLESI;Longitudine;Latitudine;Confermato;Progressivo;TipoVeicolo;StatoVeicolo;TipoPersona;Sesso;Tipolesione;Deceduto;DecedutoDopo;CinturaCascoUtilizzato;Airbag;
4065530;8;30/10/2018 11:20:00;Statale;VIA CASILINA;all'intersezione con;VIA DI TORRENOVA;VIA DI TORRENOVA;;;Scontro frontale/laterale DX fra veicoli in marcia;Incrocio;Una carreggiata a doppio senso;Bagnato (pioggia);Asfaltata;Verticale ed orizzontale;Pioggia in atto;Normale;Buona;Ore Diurne;2;0;0;0;12.6194;41.8629;-1;2;Autovettura privata;In marcia / fermata / arresto;Conducente;M;Rimandato;0;NON DECEDUTO;Non accertato;Inesploso
4065539;8;30/10/2018 09:20:00;Strada Urbana;VIALE DUILIO CAMBELLOTTI;da specificare;;;;direzione VIA DI TOR BELLA MONACA fronte Cent Comm;Investimento di pedone;Rettilineo;Una carreggiata a senso unico di marcia;Bagnato (umidità in atto);Asfaltata;Verticale ed orizzontale;Nuvoloso;Normale;Buona;Ore Diurne;1;0;0;1;12.6295;41.8672;-1;;;;Pedone;F;Rimandato;0;NON DECEDUTO;;
4065539;8;30/10/2018 09:20:00;Strada Urbana;VIALE DUILIO CAMBELLOTTI;da specificare;;;;direzione VIA DI TOR BELLA MONACA fronte Cent Comm;Investimento di pedone;Rettilineo;Una carreggiata a senso unico di marcia;Bagnato (umidità in atto);Asfaltata;Verticale ed orizzontale;Nuvoloso;Normale;Buona;Ore Diurne;1;0;0;1;12.6295;41.8672;-1;1;Autovettura privata;In marcia / fermata / arresto;Conducente;M;Illeso;0;;;
4065543;7;30/10/2018 23:20:00;Strada Urbana;VIA BERNARDINO ALIMENA;all'intersezione con;VIA ORAZIO RAIMONDO;VIA ORAZIO RAIMONDO;;;Scontro frontale/laterale DX fra veicoli in marcia;Incrocio;Una carreggiata a doppio senso;Asciutto;Asfaltata;Verticale;Nuvoloso;Scarso;Buona;Sufficiente;1;0;0;2;12.6043;41.8472;-1;1;Autovettura privata;In marcia / fermata / arresto;Conducente;M;Illeso;0;;Non accertato;Inesploso
4065543;7;30/10/2018 23:20:00;Strada Urbana;VIA BERNARDINO ALIMENA;all'intersezione con;VIA ORAZIO RAIMONDO;VIA ORAZIO RAIMONDO;;;Scontro frontale/laterale DX fra veicoli in marcia;Incrocio;Una carreggiata a doppio senso;Asciutto;Asfaltata;Verticale;Nuvoloso;Scarso;Buona;Sufficiente;1;0;0;2;12.6043;41.8472;-1;2;Autovettura privata;In marcia / fermata / arresto;Conducente;M;Illeso;0;;Non accertato;Inesploso
4065543;7;30/10/2018 23:20:00;Strada Urbana;VIA BERNARDINO ALIMENA;all'intersezione con;VIA ORAZIO RAIMONDO;VIA ORAZIO RAIMONDO;;;Scontro frontale/laterale DX fra veicoli in marcia;Incrocio;Una carreggiata a doppio senso;Asciutto;Asfaltata;Verticale;Nuvoloso;Scarso;Buona;Sufficiente;1;0;0;2;12.6043;41.8472;-1;2;Autovettura privata;In marcia / fermata / arresto;Passeggero;F;Rimandato;0;NON DECEDUTO;Non accertato;Inesploso
4065545;8;30/10/2018 08:25:00;Strada Urbana;VIALE DUILIO CAMBELLOTTI;da specificare;;;;direzione Via CASILINA prossimità palo Acea n°48;Veicolo in marcia contro ostacolo fisso;Curva senza visuale libera;Una carreggiata a senso unico di marcia;Bagnato (pioggia);Asfaltata;Verticale ed orizzontale;Pioggia in atto;Normale;Buona;Ore Diurne;1;0;0;0;12.6297;41.8674;-1;1;Autovettura privata;In marcia / fermata / arresto;Conducente;M;Rimandato;0;NON DECEDUTO;Non accertato;Inesploso
4065548;9;30/10/2018 15:50:00;Strada Urbana;LARGO MAGNAGRECIA;all'intersezione semaforizzata con;VIA CORFINIO;VIA CORFINIO;;;Scontro laterale fra veicoli in marcia;Incrocio;Una carreggiata a doppio senso;Asciutto;Asfaltata;Verticale ed orizzontale;Sereno;Intenso;Buona;Ore Diurne;1;0;0;2;12.5091;41.884;-1;1;Autocarro inferiore 35 q.;In marcia / fermata / arresto;Conducente;M;Illeso;0;;;
4065548;9;30/10/2018 15:50:00;Strada Urbana;LARGO MAGNAGRECIA;all'intersezione semaforizzata con;VIA CORFINIO;VIA CORFINIO;;;Scontro laterale fra veicoli in marcia;Incrocio;Una carreggiata a doppio senso;Asciutto;Asfaltata;Verticale ed orizzontale;Sereno;Intenso;Buona;Ore Diurne;1;0;0;2;12.5091;41.884;-1;1;Autocarro inferiore 35 q.;In marcia / fermata / arresto;Passeggero;M;Illeso;0;;;
4065548;9;30/10/2018 15:50:00;Strada Urbana;LARGO MAGNAGRECIA;all'intersezione semaforizzata con;VIA CORFINIO;VIA CORFINIO;;;Scontro laterale fra veicoli in marcia;Incrocio;Una carreggiata a doppio senso;Asciutto;Asfaltata;Verticale ed orizzontale;Sereno;Intenso;Buona;Ore Diurne;1;0;0;2;12.5091;41.884;-1;2;Motociclo a solo;In marcia / fermata / arresto;Conducente;M;Rimandato;0;NON DECEDUTO;;
4065570;17;30/10/2018 18:00:00;Strada Urbana;PIAZZA ADRIANA;in prossimità;;del civico n.;21;;Tamponamento;Rettilineo;Una carreggiata a senso unico di marcia;Asciutto;Asfaltata;Verticale ed orizzontale;Sereno;Intenso;Sufficiente;Sufficiente;0;0;0;2;12.4641;41.9041;-1;1;Autovettura privata;In marcia / fermata / arresto;Conducente;F;Illeso;0;;;
4065570;17;30/10/2018 18:00:00;Strada Urbana;PIAZZA ADRIANA;in prossimità;;del civico n.;21;;Tamponamento;Rettilineo;Una carreggiata a senso unico di marcia;Asciutto;Asfaltata;Verticale ed orizzontale;Sereno;Intenso;Sufficiente;Sufficiente;0;0;0;2;12.4641;41.9041;-1;2;Autovettura privata;In marcia / fermata / arresto;Conducente;M;Illeso;0;;;
4065571;7;30/10/2018 19:00:00;Strada Urbana;VIA DEI PIOPPI;all'intersezione con;VIA DEI FRASSINI;VIA DEI FRASSINI;;;Tamponamento;Incrocio;Una carreggiata a senso unico di marcia;Asciutto;Asfaltata;Verticale ed orizzontale;Sereno;Normale;Buona;Sufficiente;0;0;0;5;12.5702;41.8779;-1;1;Autovettura privata;In marcia / fermata / arresto;Conducente;M;Illeso;0;;Non accertato;Inesploso
4065571;7;30/10/2018 19:00:00;Strada Urbana;VIA DEI PIOPPI;all'intersezione con;VIA DEI FRASSINI;VIA DEI FRASSINI;;;Tamponamento;Incrocio;Una carreggiata a senso unico di marcia;Asciutto;Asfaltata;Verticale ed orizzontale;Sereno;Normale;Buona;Sufficiente;0;0;0;5;12.5702;41.8779;-1;1;Autovettura privata;In marcia / fermata / arresto;Passeggero;M;Illeso;0;;Non accertato;Inesploso
4065571;7;30/10/2018 19:00:00;Strada Urbana;VIA DEI PIOPPI;all'intersezione con;VIA DEI FRASSINI;VIA DEI FRASSINI;;;Tamponamento;Incrocio;Una carreggiata a senso unico di marcia;Asciutto;Asfaltata;Verticale ed orizzontale;Sereno;Normale;Buona;Sufficiente;0;0;0;5;12.5702;41.8779;-1;2;Autovettura privata;In marcia / fermata / arresto;Conducente;M;Illeso;0;;Non accertato;Inesploso
4065571;7;30/10/2018 19:00:00;Strada Urbana;VIA DEI PIOPPI;all'intersezione con;VIA DEI FRASSINI;VIA DEI FRASSINI;;;Tamponamento;Incrocio;Una carreggiata a senso unico di marcia;Asciutto;Asfaltata;Verticale ed orizzontale;Sereno;Normale;Buona;Sufficiente;0;0;0;5;12.5702;41.8779;-1;2;Autovettura privata;In marcia / fermata / arresto;Passeggero;M;Illeso;0;;Non accertato;Inesploso
4065571;7;30/10/2018 19:00:00;Strada Urbana;VIA DEI PIOPPI;all'intersezione con;VIA DEI FRASSINI;VIA DEI FRASSINI;;;Tamponamento;Incrocio;Una carreggiata a senso unico di marcia;Asciutto;Asfaltata;Verticale ed orizzontale;Sereno;Normale;Buona;Sufficiente;0;0;0;5;12.5702;41.8779;-1;2;Autovettura privata;In marcia / fermata / arresto;Passeggero;F;Illeso;0;;Non accertato;Inesploso
4065578;20;30/10/2018 09:15:00;Provinciale;VIADOTTO GIUBILEO DEL 2000;da specificare;;;;prossimità uscita via Tiberina direz. fuori Roma;Tamponamento Multiplo;Rettilineo;Due carreggiate;Bagnato (umidità in atto);Asfaltata;Orizzontale;Nuvoloso;Intenso;Buona;Ore Diurne;0;0;0;3;12.4953;41.989;-1;1;Autovettura privata;In marcia / fermata / arresto;Conducente;F;Illeso;0;;Non accertato;
4065578;20;30/10/2018 09:15:00;Provinciale;VIADOTTO GIUBILEO DEL 2000;da specificare;;;;prossimità uscita via Tiberina direz. fuori Roma;Tamponamento Multiplo;Rettilineo;Due carreggiate;Bagnato (umidità in atto);Asfaltata;Orizzontale;Nuvoloso;Intenso;Buona;Ore Diurne;0;0;0;3;12.4953;41.989;-1;2;Autovettura privata;In marcia / fermata / arresto;Conducente;F;Illeso;0;;Non accertato;
4065578;20;30/10/2018 09:15:00;Provinciale;VIADOTTO GIUBILEO DEL 2000;da specificare;;;;prossimità uscita via Tiberina direz. fuori Roma;Tamponamento Multiplo;Rettilineo;Due carreggiate;Bagnato (umidità in atto);Asfaltata;Orizzontale;Nuvoloso;Intenso;Buona;Ore Diurne;0;0;0;3;12.4953;41.989;-1;3;Autovettura privata;In marcia / fermata / arresto;Conducente;M;Illeso;0;;Non accertato;
4065584;18;30/10/2018 21:15:00;Strada Urbana;VIA DI BOCCEA;da specificare;;;;corsia laterale direzione Maglianella ;Veicolo in marcia contro ostacolo accidentale;Pendenza;Più di due carreggiate;Asciutto;Con buche;Verticale ed orizzontale;Nuvoloso;Normale;Buona;Sufficiente;0;0;0;1;12.3833;41.9147;-1;1;Autovettura privata;In marcia / fermata / arresto;Conducente;M;Illeso;0;;Non accertato;Inesploso
4065595;20;30/10/2018 11:55:00;Strada Urbana;VIA CASSIA NUOVA;all'intersezione semaforizzata con;VIA VILFREDO PARETO;VIA VILFREDO PARETO;;;Scontro frontale/laterale DX fra veicoli in marcia;Intersezione semaforizzata;Una carreggiata a doppio senso;Bagnato (pioggia);Asfaltata;Verticale ed orizzontale;Nuvoloso;Normale;Buona;Ore Diurne;0;0;0;4;12.4682;41.9509;-1;1;Autovettura privata;In marcia / fermata / arresto;Conducente;F;Illeso;0;;Non accertato;
4065595;20;30/10/2018 11:55:00;Strada Urbana;VIA CASSIA NUOVA;all'intersezione semaforizzata con;VIA VILFREDO PARETO;VIA VILFREDO PARETO;;;Scontro frontale/laterale DX fra veicoli in marcia;Intersezione semaforizzata;Una carreggiata a doppio senso;Bagnato (pioggia);Asfaltata;Verticale ed orizzontale;Nuvoloso;Normale;Buona;Ore Diurne;0;0;0;4;12.4682;41.9509;-1;1;Autovettura privata;In marcia / fermata / arresto;Passeggero;M;Illeso;0;;Non accertato;Inesploso
4065595;20;30/10/2018 11:55:00;Strada Urbana;VIA CASSIA NUOVA;all'intersezione semaforizzata con;VIA VILFREDO PARETO;VIA VILFREDO PARETO;;;Scontro frontale/laterale DX fra veicoli in marcia;Intersezione semaforizzata;Una carreggiata a doppio senso;Bagnato (pioggia);Asfaltata;Verticale ed orizzontale;Nuvoloso;Normale;Buona;Ore Diurne;0;0;0;4;12.4682;41.9509;-1;1;Autovettura privata;In marcia / fermata / arresto;Passeggero;F;Illeso;0;;Non accertato;Inesploso
4065595;20;30/10/2018 11:55:00;Strada Urbana;VIA CASSIA NUOVA;all'intersezione semaforizzata con;VIA VILFREDO PARETO;VIA VILFREDO PARETO;;;Scontro frontale/laterale DX fra veicoli in marcia;Intersezione semaforizzata;Una carreggiata a doppio senso;Bagnato (pioggia);Asfaltata;Verticale ed orizzontale;Nuvoloso;Normale;Buona;Ore Diurne;0;0;0;4;12.4682;41.9509;-1;2;Autovettura privata;In marcia / fermata / arresto;Conducente;M;Illeso;0;;Non accertato;
4065599;12;29/10/2018 12:00:00;Strada Urbana;VIA ROBERTO VISIANI;in prossimità;;del civico n.;127;;Veicolo in marcia contro ostacolo accidentale;Rettilineo;Una carreggiata a doppio senso;Bagnato (pioggia);Asfaltata;Verticale;Vento forte;Scarso;Buona;Ore Diurne;2;0;0;0;12.5094;41.8262;-1;1;Autovettura privata;In marcia / fermata / arresto;Conducente;M;Rimandato;0;NON DECEDUTO;Non accertato;Inesploso
4065599;12;29/10/2018 12:00:00;Strada Urbana;VIA ROBERTO VISIANI;in prossimità;;del civico n.;127;;Veicolo in marcia contro ostacolo accidentale;Rettilineo;Una carreggiata a doppio senso;Bagnato (pioggia);Asfaltata;Verticale;Vento forte;Scarso;Buona;Ore Diurne;2;0;0;0;12.5094;41.8262;-1;1;Autovettura privata;In marcia / fermata / arresto;Passeggero;M;Rimandato;0;NON DECEDUTO;Non accertato;Inesploso
4065603;20;29/10/2018 11:40:00;Provinciale;VIA BRACCIANENSE;in prossimità;;della chilometrica;9.9;;Veicolo in marcia contro ostacolo accidentale;Rettilineo;Una carreggiata a doppio senso;Bagnato (umidità in atto);Asfaltata;Verticale ed orizzontale;Nuvoloso;Scarso;Sufficiente;Ore Diurne;0;0;0;3;12.3654;42.0132;-1;1;Autovettura privata;In marcia / fermata / arresto;Conducente;M;Illeso;0;;Non accertato;
4065603;20;29/10/2018 11:40:00;Provinciale;VIA BRACCIANENSE;in prossimità;;della chilometrica;9.9;;Veicolo in marcia contro ostacolo accidentale;Rettilineo;Una carreggiata a doppio senso;Bagnato (umidità in atto);Asfaltata;Verticale ed orizzontale;Nuvoloso;Scarso;Sufficiente;Ore Diurne;0;0;0;3;12.3654;42.0132;-1;1;Autovettura privata;In marcia / fermata / arresto;Passeggero;F;Illeso;0;;Non accertato;Inesploso
4065603;20;29/10/2018 11:40:00;Provinciale;VIA BRACCIANENSE;in prossimità;;della chilometrica;9.9;;Veicolo in marcia contro ostacolo accidentale;Rettilineo;Una carreggiata a doppio senso;Bagnato (umidità in atto);Asfaltata;Verticale ed orizzontale;Nuvoloso;Scarso;Sufficiente;Ore Diurne;0;0;0;3;12.3654;42.0132;-1;1;Autovettura privata;In marcia / fermata / arresto;Passeggero;M;Illeso;0;;Non accertato;
4065604;6;31/10/2018 07:50:00;Strada Urbana;VIA CASILINA;all'intersezione con;VIA DI VILLA SERVENTI;VIA DI VILLA SERVENTI;;;Scontro frontale/laterale DX fra veicoli in marcia;Incrocio;Una carreggiata a doppio senso;Asciutto;Asfaltata;Verticale ed orizzontale;Sereno;Normale;Buona;Ore Diurne;1;0;0;1;12.5302;41.8848;-1;1;Autovettura privata;In marcia / fermata / arresto;Conducente;F;Illeso;0;;Non accertato;
4065604;6;31/10/2018 07:50:00;Strada Urbana;VIA CASILINA;all'intersezione con;VIA DI VILLA SERVENTI;VIA DI VILLA SERVENTI;;;Scontro frontale/laterale DX fra veicoli in marcia;Incrocio;Una carreggiata a doppio senso;Asciutto;Asfaltata;Verticale ed orizzontale;Sereno;Normale;Buona;Ore Diurne;1;0;0;1;12.5302;41.8848;-1;2;Motociclo a solo;In marcia / fermata / arresto;Conducente;M;Rimandato;0;NON DECEDUTO;Non accertato;
4065649;18;31/10/2018 05:10:00;Strada Urbana;VIA DELLA MAGLIANELLA;in prossimità;;del civico n.;276;;Veicolo in marcia contro ostacolo fisso;Curva a visuale libera;Una carreggiata a doppio senso;Bagnato (umidità in atto);Asfaltata;Orizzontale;Sereno;Scarso;Buona;Sufficiente;0;1;0;0;12.3832;41.9108;-1;1;Autovettura privata;In marcia / fermata / arresto;Conducente;M;Prognosi riservata;0;NON DECEDUTO;Non accertato;Inesploso
4065665;17;30/10/2018;Strada Urbana;PIAZZA MONTE GRAPPA;all'intersezione semaforizzata con;PONTE DEL RISORGIMENTO;PONTE DEL RISORGIMENTO;;;Scontro frontale/laterale SX fra veicoli in marcia;Intersezione semaforizzata;Una carreggiata a doppio senso;Bagnato (umidità in atto);Asfaltata;Verticale ed orizzontale;Nuvoloso;Normale;Buona;Ore Diurne;1;0;0;1;12.4698;41.9186;-1;1;Motociclo a solo;In marcia / fermata / arresto;Conducente;M;Illeso;0;;;
4065665;17;30/10/2018;Strada Urbana;PIAZZA MONTE GRAPPA;all'intersezione semaforizzata con;PONTE DEL RISORGIMENTO;PONTE DEL RISORGIMENTO;;;Scontro frontale/laterale SX fra veicoli in marcia;Intersezione semaforizzata;Una carreggiata a doppio senso;Bagnato (umidità in atto);Asfaltata;Verticale ed orizzontale;Nuvoloso;Normale;Buona;Ore Diurne;1;0;0;1;12.4698;41.9186;-1;2;Ciclomotore;In marcia / fermata / arresto;Conducente;F;Rimandato;0;NON DECEDUTO;;
4065681;17;30/10/2018 15:30:00;Strada Urbana;VIA CIPRO;in corrispondenza;;del civico n.;35;;Veicolo in marcia contro veicolo fermo;Rettilineo;Due carreggiate;Asciutto;Asfaltata;Verticale ed orizzontale;Nuvoloso;Intenso;Buona;Ore Diurne;0;0;0;2;12.4465;41.9067;-1;1;Autovettura privata;In marcia / fermata / arresto;Conducente;F;Illeso;0;;;
4065681;17;30/10/2018 15:30:00;Strada Urbana;VIA CIPRO;in corrispondenza;;del civico n.;35;;Veicolo in marcia contro veicolo fermo;Rettilineo;Due carreggiate;Asciutto;Asfaltata;Verticale ed orizzontale;Nuvoloso;Intenso;Buona;Ore Diurne;0;0;0;2;12.4465;41.9067;-1;2;Autovettura privata;In marcia / fermata / arresto;Conducente;M;Illeso;0;;;
4065690;4;30/10/2018 10:15:00;Strada Urbana;VIA DI S. MARIA DELLA SPERANZA;in corrispondenza;;del civico n.;41;;Scontro frontale/laterale SX fra veicoli in marcia;Rettilineo;Una carreggiata a doppio senso;Bagnato (umidità in atto);Asfaltata;Orizzontale;Nuvoloso;Scarso;Buona;Ore Diurne;0;1;0;1;12.5195;41.96;-1;1;Autovettura privata;In marcia / fermata / arresto;Conducente;F;Illeso;0;;Non accertato;
4065690;4;30/10/2018 10:15:00;Strada Urbana;VIA DI S. MARIA DELLA SPERANZA;in corrispondenza;;del civico n.;41;;Scontro frontale/laterale SX fra veicoli in marcia;Rettilineo;Una carreggiata a doppio senso;Bagnato (umidità in atto);Asfaltata;Orizzontale;Nuvoloso;Scarso;Buona;Ore Diurne;0;1;0;1;12.5195;41.96;-1;2;Motociclo a solo;In marcia / fermata / arresto;Conducente;M;Prognosi riservata;0;NON DECEDUTO;Non accertato;
4065709;20;30/10/2018 06:50:00;Strada Urbana;VIADOTTO GIUBILEO DEL 2000;in prossimità;;della chilometrica;13.2;;Ribaltamento senza urto contro ostacolo fisso;Rettilineo;Due carreggiate;Bagnato (pioggia);Asfaltata;Verticale ed orizzontale;Pioggia in atto;Normale;Buona;Ore Diurne;0;0;0;1;12.4953;41.989;-1;1;Autovettura privata;In marcia / fermata / arresto;Conducente;M;Illeso;0;;Non accertato;
4065771;17;30/10/2018 19:00:00;Strada Urbana;VIA ANGELO EMO;in prossimità;;del civico n.;147;;Ribaltamento senza urto contro ostacolo fisso;Rettilineo;Una carreggiata a doppio senso;Asciutto;Asfaltata;Verticale ed orizzontale;Sereno;Normale;Sufficiente;Sufficiente;1;0;0;1;12.4441;41.9032;-1;;;;Pedone;M;Ricoverato;0;NON DECEDUTO;;
4065771;17;30/10/2018 19:00:00;Strada Urbana;VIA ANGELO EMO;in prossimità;;del civico n.;147;;Ribaltamento senza urto contro ostacolo fisso;Rettilineo;Una carreggiata a doppio senso;Asciutto;Asfaltata;Verticale ed orizzontale;Sereno;Normale;Sufficiente;Sufficiente;1;0;0;1;12.4441;41.9032;-1;1;Motociclo a solo;In marcia / fermata / arresto;Conducente;M;Illeso;0;;;
4065784;5;30/10/2018 19:50:00;;VIA DI MARCO SIMONE;in prossimità;;del civico n.;18/22;;Veicolo in marcia contro ostacolo accidentale;;;;;;;;;;0;0;0;1;;;0;1;Autovettura privata;In marcia / fermata / arresto;Conducente;M;Illeso;0;;Non accertato;
4065792;5;30/10/2018 19:51:00;Strada Urbana;VIA DI MARCO SIMONE;in prossimità;;del civico n.;18/22;;Veicolo in marcia contro ostacolo accidentale;Rettilineo;Una carreggiata a doppio senso;Asciutto;Asfaltata;Assente;Sereno;Scarso;Insufficiente;Sufficiente;0;0;0;1;12.6448;41.9448;-1;1;Autovettura privata;In marcia / fermata / arresto;Conducente;M;Illeso;0;;Non accertato;
4065845;4;30/10/2018 18:30:00;Strada Urbana;VIA MARTANA;da specificare;;;;prossimità viale tirreno;Scontro laterale fra veicoli in marcia;Rettilineo;Una carreggiata a senso unico di marcia;Asciutto;Asfaltata;Verticale ed orizzontale;Sereno;Intenso;Buona;Sufficiente;0;0;0;3;12.5288;41.9393;-1;1;Autovettura privata;In marcia / fermata / arresto;Conducente;M;Illeso;0;;;
4065845;4;30/10/2018 18:30:00;Strada Urbana;VIA MARTANA;da specificare;;;;prossimità viale tirreno;Scontro laterale fra veicoli in marcia;Rettilineo;Una carreggiata a senso unico di marcia;Asciutto;Asfaltata;Verticale ed orizzontale;Sereno;Intenso;Buona;Sufficiente;0;0;0;3;12.5288;41.9393;-1;1;Autovettura privata;In marcia / fermata / arresto;Passeggero;F;Illeso;0;;;
4065845;4;30/10/2018 18:30:00;Strada Urbana;VIA MARTANA;da specificare;;;;prossimità viale tirreno;Scontro laterale fra veicoli in marcia;Rettilineo;Una carreggiata a senso unico di marcia;Asciutto;Asfaltata;Verticale ed orizzontale;Sereno;Intenso;Buona;Sufficiente;0;0;0;3;12.5288;41.9393;-1;2;Autovettura privata;In marcia / fermata / arresto;Conducente;M;Illeso;0;;;
4065973;15;30/10/2018 10:45:00;Strada Urbana;VIA DEL BOSCO DEGLI ARVALI;all'intersezione con;VIA DELL'ORATORIO DAMASIANO;VIA DELL'ORATORIO DAMASIANO;;;Investimento di pedone;Incrocio;Una carreggiata a doppio senso;Asciutto;Asfaltata;Verticale ed orizzontale;Nuvoloso;Normale;Buona;Ore Diurne;1;0;0;2;12.427;41.8384;-1;;;;Pedone;M;Rimandato;0;NON DECEDUTO;;
4065973;15;30/10/2018 10:45:00;Strada Urbana;VIA DEL BOSCO DEGLI ARVALI;all'intersezione con;VIA DELL'ORATORIO DAMASIANO;VIA DELL'ORATORIO DAMASIANO;;;Investimento di pedone;Incrocio;Una carreggiata a doppio senso;Asciutto;Asfaltata;Verticale ed orizzontale;Nuvoloso;Normale;Buona;Ore Diurne;1;0;0;2;12.427;41.8384;-1;1;Autovettura privata;In marcia / fermata / arresto;Conducente;F;Illeso;0;;Non accertato;Inesploso
4065973;15;30/10/2018 10:45:00;Strada Urbana;VIA DEL BOSCO DEGLI ARVALI;all'intersezione con;VIA DELL'ORATORIO DAMASIANO;VIA DELL'ORATORIO DAMASIANO;;;Investimento di pedone;Incrocio;Una carreggiata a doppio senso;Asciutto;Asfaltata;Verticale ed orizzontale;Nuvoloso;Normale;Buona;Ore Diurne;1;0;0;2;12.427;41.8384;-1;1;Autovettura privata;In marcia / fermata / arresto;Passeggero;M;Illeso;0;;Non accertato;Inesploso
4065975;23;30/10/2018 19:40:00;Strada Urbana;VIA CRISTOFORO COLOMBO;da specificare;;;;IN PROSSIMITà DI VIA PINDARO;Tamponamento;Rettilineo;Più di due carreggiate;Asciutto;Asfaltata;Verticale ed orizzontale;Sereno;Normale;Buona;Sufficiente;0;0;0;1;12.3719;41.7565;-1;1;Autovettura privata;In marcia / fermata / arresto;Conducente;M;Illeso;0;;Non accertato;Inesploso
4065996;1;27/10/2018 14:22:00;Strada Urbana;PIAZZA DEI CINQUECENTO;all'intersezione con;VIA CAVOUR;VIA CAVOUR;;;Infortunio per sola frenata improvvisa;Incrocio;Una carreggiata a doppio senso;Asciutto;Acciotolata;Verticale ed orizzontale;Nuvoloso;Normale;Buona;Ore Diurne;1;0;0;0;12.4997;41.9008;-1;1;Motociclo a solo;In marcia / fermata / arresto;Conducente;F;Rimandato;0;NON DECEDUTO;;
4066004;4;30/10/2018 20:00:00;Strada Urbana;VIA MAIELLA;in corrispondenza;;del civico n.;15;;Veicolo in marcia contro veicoli in sosta;Rettilineo;Una carreggiata a senso unico di marcia;Asciutto;Asfaltata;Assente;Nuvoloso;Normale;Buona;Ore Diurne;1;0;0;0;12.535;41.9351;-1;1;Motociclo a solo;In marcia / fermata / arresto;Conducente;M;Rimandato;0;NON DECEDUTO;;
4066035;2;30/10/2018 15:43:00;Strada Urbana;VIA PO;all'intersezione con;VIA ISONZO;VIA ISONZO;;;Scontro frontale/laterale SX fra veicoli in marcia;Incrocio;Una carreggiata a doppio senso;Asciutto;Asfaltata;Verticale ed orizzontale;Sereno;Normale;Buona;Ore Diurne;1;0;0;1;12.4959;41.9151;-1;1;Autovettura privata;In marcia / fermata / arresto;Conducente;F;Illeso;0;;Non accertato;Inesploso
4066035;2;30/10/2018 15:43:00;Strada Urbana;VIA PO;all'intersezione con;VIA ISONZO;VIA ISONZO;;;Scontro frontale/laterale SX fra veicoli in marcia;Incrocio;Una carreggiata a doppio senso;Asciutto;Asfaltata;Verticale ed orizzontale;Sereno;Normale;Buona;Ore Diurne;1;0;0;1;12.4959;41.9151;-1;2;Motociclo a solo;In marcia / fermata / arresto;Conducente;M;Rimandato;0;NON DECEDUTO;Non accertato;
4066036;4;30/10/2018 09:30:00;Statale;VIA SALARIA;in prossimità;;del civico n.;825;;Tamponamento Multiplo;Rettilineo;Due carreggiate;Bagnato (pioggia);Asfaltata;Orizzontale;Pioggia in atto;Intenso;Buona;Ore Diurne;0;0;0;4;12.5048;41.9523;-1;1;Autocarro inferiore 35 q.;In marcia / fermata / arresto;Conducente;M;Illeso;0;;;
4066036;4;30/10/2018 09:30:00;Statale;VIA SALARIA;in prossimità;;del civico n.;825;;Tamponamento Multiplo;Rettilineo;Due carreggiate;Bagnato (pioggia);Asfaltata;Orizzontale;Pioggia in atto;Intenso;Buona;Ore Diurne;0;0;0;4;12.5048;41.9523;-1;2;Autovettura privata;In marcia / fermata / arresto;Conducente;M;Illeso;0;;;
4066036;4;30/10/2018 09:30:00;Statale;VIA SALARIA;in prossimità;;del civico n.;825;;Tamponamento Multiplo;Rettilineo;Due carreggiate;Bagnato (pioggia);Asfaltata;Orizzontale;Pioggia in atto;Intenso;Buona;Ore Diurne;0;0;0;4;12.5048;41.9523;-1;3;Autovettura privata;In marcia / fermata / arresto;Conducente;M;Illeso;0;;;
4066036;4;30/10/2018 09:30:00;Statale;VIA SALARIA;in prossimità;;del civico n.;825;;Tamponamento Multiplo;Rettilineo;Due carreggiate;Bagnato (pioggia);Asfaltata;Orizzontale;Pioggia in atto;Intenso;Buona;Ore Diurne;0;0;0;4;12.5048;41.9523;-1;4;Autovettura privata;In marcia / fermata / arresto;Conducente;M;Illeso;0;;;
4066042;1;24/10/2018 09:10:00;Strada Urbana;PIAZZA DEL PARLAMENTO;in corrispondenza;;del civico n.;2;;Infortunio per sola frenata improvvisa;Rettilineo;Una carreggiata a doppio senso;Bagnato (umidità in atto);Acciotolata;Verticale ed orizzontale;Sereno;Intenso;Buona;Ore Diurne;0;0;0;1;;;0;1;Motociclo a solo;In marcia / fermata / arresto;Conducente;F;Illeso;0;;;