Protocollo;Gruppo;DataOraIncidente;Localizzazione1;STRADA1;Localizzazione2;STRADA2;Strada02;Chilometrica;DaSpecificare;NaturaIncidente;particolaritastrade;TipoStrada;FondoStradale;Pavimentazione;Segnaletica;CondizioneAtmosferica;Traffico;Visibilita;Illuminazione;NUM_FERITI;NUM_RISERVATA;NUM_MORTI;NUM_ILLESI;Longitudine;Latitudine;Confermato;Progressivo;TipoVeicolo;StatoVeicolo;TipoPersona;Sesso;Tipolesione;Deceduto;DecedutoDopo;CinturaCascoUtilizzato;Airbag;
4068865;11;31/10/2018 09:00:00;Strada Urbana;PONTE GUGLIELMO MARCONI;da specificare;;;;altezza terzo palo Acea direzione Ple della Radio;Tamponamento Multiplo;Rettilineo;Due carreggiate;Asciutto;Asfaltata;Verticale ed orizzontale;Nuvoloso;Intenso;Buona;Ore Diurne;3;0;0;1;12.4706;41.8599;-1;2;Autovettura privata;In marcia / fermata / arresto;Passeggero;M;Rimandato;0;NON DECEDUTO;;
4068865;11;31/10/2018 09:00:00;Strada Urbana;PONTE GUGLIELMO MARCONI;da specificare;;;;altezza terzo palo Acea direzione Ple della Radio;Tamponamento Multiplo;Rettilineo;Due carreggiate;Asciutto;Asfaltata;Verticale ed orizzontale;Nuvoloso;Intenso;Buona;Ore Diurne;3;0;0;1;12.4706;41.8599;-1;3;Autovettura privata;In marcia / fermata / arresto;Conducente;M;Rimandato;0;NON DECEDUTO;Non accertato;
4068869;2;29/10/2018 21:45:00;Strada Urbana;VIA OSTIENSE;da specificare;;;;altezza Via del Cappellaccio;Veicolo in marcia contro ostacolo accidentale;Rettilineo;Una carreggiata a senso unico di marcia;Asciutto;Asfaltata;Verticale ed orizzontale;Sereno;Normale;Buona;Sufficiente;0;0;0;1;12.4573;41.8361;-1;1;Autovettura privata;In marcia / fermata / arresto;Conducente;M;Illeso;0;;;
4068870;7;31/10/2018 18:30:00;Strada Urbana;VIA DEI GELSI;all'intersezione con;VIA ERNESTO MAURI;VIA ERNESTO MAURI;;;Scontro frontale/laterale SX fra veicoli in marcia;Incrocio;Una carreggiata a doppio senso;Asciutto;Asfaltata;Verticale ed orizzontale;Sereno;Normale;Buona;Sufficiente;0;0;0;3;12.572;41.8898;-1;1;Autovettura privata;In marcia / fermata / arresto;Conducente;M;Illeso;0;;Non accertato;Inesploso
4068870;7;31/10/2018 18:30:00;Strada Urbana;VIA DEI GELSI;all'intersezione con;VIA ERNESTO MAURI;VIA ERNESTO MAURI;;;Scontro frontale/laterale SX fra veicoli in marcia;Incrocio;Una carreggiata a doppio senso;Asciutto;Asfaltata;Verticale ed orizzontale;Sereno;Normale;Buona;Sufficiente;0;0;0;3;12.572;41.8898;-1;2;Motociclo con passeggero;In marcia / fermata / arresto;Conducente;M;Illeso;0;;Non accertato;
4068870;7;31/10/2018 18:30:00;Strada Urbana;VIA DEI GELSI;all'intersezione con;VIA ERNESTO MAURI;VIA ERNESTO MAURI;;;Scontro frontale/laterale SX fra veicoli in marcia;Incrocio;Una carreggiata a doppio senso;Asciutto;Asfaltata;Verticale ed orizzontale;Sereno;Normale;Buona;Sufficiente;0;0;0;3;12.572;41.8898;-1;2;Motociclo con passeggero;In marcia / fermata / arresto;Passeggero;M;Illeso;0;;Non accertato;
4068894;11;31/10/2018 13:30:00;Strada Urbana;VIALE GUGLIELMO MARCONI;da specificare;;;;in prossimtià di p.le Edison;Scontro laterale fra veicoli in marcia;Rettilineo;Una carreggiata a senso unico di marcia;Asciutto;Asfaltata;Verticale ed orizzontale;Sereno;Normale;Buona;Ore Diurne;0;0;0;3;12.471;41.8585;-1;1;Autovettura privata;In marcia / fermata / arresto;Conducente;M;Illeso;0;;;
4068894;11;31/10/2018 13:30:00;Strada Urbana;VIALE GUGLIELMO MARCONI;da specificare;;;;in prossimtià di p.le Edison;Scontro laterale fra veicoli in marcia;Rettilineo;Una carreggiata a senso unico di marcia;Asciutto;Asfaltata;Verticale ed orizzontale;Sereno;Normale;Buona;Ore Diurne;0;0;0;3;12.471;41.8585;-1;1;Autovettura privata;In marcia / fermata / arresto;Passeggero;F;Illeso;0;;;
4068894;11;31/10/2018 13:30:00;Strada Urbana;VIALE GUGLIELMO MARCONI;da specificare;;;;in prossimtià di p.le Edison;Scontro laterale fra veicoli in marcia;Rettilineo;Una carreggiata a senso unico di marcia;Asciutto;Asfaltata;Verticale ed orizzontale;Sereno;Normale;Buona;Ore Diurne;0;0;0;3;12.471;41.8585;-1;2;Autovettura privata;In marcia / fermata / arresto;Conducente;M;Illeso;0;;;
4068913;11;31/10/2018 14:45:00;Strada Urbana;VIALE GUGLIELMO MARCONI;all'intersezione con;VIA DELLA VASCA NAVALE;VIA DELLA VASCA NAVALE;;;Scontro laterale fra veicoli in marcia;Intersezione semaforizzata;Due carreggiate;Asciutto;Asfaltata;Verticale ed orizzontale;Sereno;Normale;Buona;Ore Diurne;0;0;0;3;12.4706;41.8586;-1;1;Autovettura privata;In marcia / fermata / arresto;Conducente;M;Illeso;0;;;
4068913;11;31/10/2018 14:45:00;Strada Urbana;VIALE GUGLIELMO MARCONI;all'intersezione con;VIA DELLA VASCA NAVALE;VIA DELLA VASCA NAVALE;;;Scontro laterale fra veicoli in marcia;Intersezione semaforizzata;Due carreggiate;Asciutto;Asfaltata;Verticale ed orizzontale;Sereno;Normale;Buona;Ore Diurne;0;0;0;3;12.4706;41.8586;-1;1;Autovettura privata;In marcia / fermata / arresto;Passeggero;M;Illeso;0;;;
4068913;11;31/10/2018 14:45:00;Strada Urbana;VIALE GUGLIELMO MARCONI;all'intersezione con;VIA DELLA VASCA NAVALE;VIA DELLA VASCA NAVALE;;;Scontro laterale fra veicoli in marcia;Intersezione semaforizzata;Due carreggiate;Asciutto;Asfaltata;Verticale ed orizzontale;Sereno;Normale;Buona;Ore Diurne;0;0;0;3;12.4706;41.8586;-1;2;Autocarro inferiore 35 q.;In marcia / fermata / arresto;Conducente;M;Illeso;0;;;
4068942;1;31/10/2018 21:25:00;Strada Urbana;VIA APPIA NUOVA;da specificare;;;;PROX INTERSEZIONE VIA DON ORIONE;Veicolo in marcia contro ostacolo accidentale;Rettilineo;Una carreggiata a senso unico di marcia;Bagnato (pioggia);Asfaltata;Verticale ed orizzontale;Pioggia in atto;Normale;Sufficiente;Sufficiente;0;0;0;2;12.5599;41.8262;-1;1;Autovettura privata;In marcia / fermata / arresto;Conducente;F;Illeso;0;;Non accertato;
4068942;1;31/10/2018 21:25:00;Strada Urbana;VIA APPIA NUOVA;da specificare;;;;PROX INTERSEZIONE VIA DON ORIONE;Veicolo in marcia contro ostacolo accidentale;Rettilineo;Una carreggiata a senso unico di marcia;Bagnato (pioggia);Asfaltata;Verticale ed orizzontale;Pioggia in atto;Normale;Sufficiente;Sufficiente;0;0;0;2;12.5599;41.8262;-1;1;Autovettura privata;In marcia / fermata / arresto;Passeggero;F;Illeso;0;;Non accertato;
4068973;2;31/10/2018 18:20:00;Strada Urbana;CORSO DI FRANCIA;da specificare;;;;ALT. AUDITORIUM;Scontro laterale fra veicoli in marcia;Rettilineo;Due carreggiate;Asciutto;Asfaltata;Verticale ed orizzontale;Nuvoloso;Intenso;Sufficiente;Sufficiente;0;0;0;3;12.4717;41.9367;-1;1;Autovettura privata;In marcia / fermata / arresto;Conducente;M;Illeso;0;;Non accertato;Inesploso
4068973;2;31/10/2018 18:20:00;Strada Urbana;CORSO DI FRANCIA;da specificare;;;;ALT. AUDITORIUM;Scontro laterale fra veicoli in marcia;Rettilineo;Due carreggiate;Asciutto;Asfaltata;Verticale ed orizzontale;Nuvoloso;Intenso;Sufficiente;Sufficiente;0;0;0;3;12.4717;41.9367;-1;1;Autovettura privata;In marcia / fermata / arresto;Passeggero;F;Illeso;0;;Non accertato;Inesploso
4068973;2;31/10/2018 18:20:00;Strada Urbana;CORSO DI FRANCIA;da specificare;;;;ALT. AUDITORIUM;Scontro laterale fra veicoli in marcia;Rettilineo;Due carreggiate;Asciutto;Asfaltata;Verticale ed orizzontale;Nuvoloso;Intenso;Sufficiente;Sufficiente;0;0;0;3;12.4717;41.9367;-1;2;Motociclo a solo;In marcia / fermata / arresto;Conducente;M;Illeso;0;;Non accertato;
4068993;4;31/10/2018 10:30:00;Strada Urbana;VIA DELLA BUFALOTTA;in prossimità;;del civico n.;302;;Scontro frontale/laterale DX fra veicoli in marcia;Rettilineo;Una carreggiata a doppio senso;Asciutto;Asfaltata;Verticale ed orizzontale;Nuvoloso;Normale;Buona;Ore Diurne;3;0;0;0;12.5437;41.9525;-1;1;Motociclo a solo;In marcia / fermata / arresto;Conducente;M;Rimandato;0;NON DECEDUTO;;
4068993;4;31/10/2018 10:30:00;Strada Urbana;VIA DELLA BUFALOTTA;in prossimità;;del civico n.;302;;Scontro frontale/laterale DX fra veicoli in marcia;Rettilineo;Una carreggiata a doppio senso;Asciutto;Asfaltata;Verticale ed orizzontale;Nuvoloso;Normale;Buona;Ore Diurne;3;0;0;0;12.5437;41.9525;-1;2;Autovettura privata;In marcia / fermata / arresto;Conducente;M;Rifiuta cure immediate;0;NON DECEDUTO;;
4068993;4;31/10/2018 10:30:00;Strada Urbana;VIA DELLA BUFALOTTA;in prossimità;;del civico n.;302;;Scontro frontale/laterale DX fra veicoli in marcia;Rettilineo;Una carreggiata a doppio senso;Asciutto;Asfaltata;Verticale ed orizzontale;Nuvoloso;Normale;Buona;Ore Diurne;3;0;0;0;12.5437;41.9525;-1;2;Autovettura privata;In marcia / fermata / arresto;Passeggero;M;Rimandato;0;NON DECEDUTO;;
4069010;4;31/10/2018 07:45:00;Strada Urbana;VIA COL DI REZIA;all'intersezione con;VIALE ADRIATICO;VIALE ADRIATICO;;;Scontro laterale fra veicoli in marcia;Incrocio;Una carreggiata a senso unico di marcia;Asciutto;Asfaltata;Verticale ed orizzontale;Sereno;Normale;Buona;Ore Diurne;0;0;0;1;;;0;1;Autovettura privata;In marcia / fermata / arresto;Conducente;F;Illeso;0;;;
4069068;5;31/10/2018 10:45:00;Strada Urbana;VIA DI MARCO SIMONE;da specificare;;;;inters. via Casalbianco direz. via Tiburtina;Scontro frontale/laterale DX fra veicoli in marcia;Rettilineo;Due carreggiate;Asciutto;Asfaltata;Verticale ed orizzontale;Sereno;Normale;Sufficiente;Ore Diurne;1;0;0;2;12.6459;41.9471;-1;1;Autovettura privata;In marcia / fermata / arresto;Conducente;M;Illeso;0;;Non accertato;Esploso
4069068;5;31/10/2018 10:45:00;Strada Urbana;VIA DI MARCO SIMONE;da specificare;;;;inters. via Casalbianco direz. via Tiburtina;Scontro frontale/laterale DX fra veicoli in marcia;Rettilineo;Due carreggiate;Asciutto;Asfaltata;Verticale ed orizzontale;Sereno;Normale;Sufficiente;Ore Diurne;1;0;0;2;12.6459;41.9471;-1;1;Autovettura privata;In marcia / fermata / arresto;Passeggero;F;Rimandato;0;NON DECEDUTO;Non accertato;Esploso
4069068;5;31/10/2018 10:45:00;Strada Urbana;VIA DI MARCO SIMONE;da specificare;;;;inters. via Casalbianco direz. via Tiburtina;Scontro frontale/laterale DX fra veicoli in marcia;Rettilineo;Due carreggiate;Asciutto;Asfaltata;Verticale ed orizzontale;Sereno;Normale;Sufficiente;Ore Diurne;1;0;0;2;12.6459;41.9471;-1;2;Autovettura privata;In marcia / fermata / arresto;Conducente;F;Illeso;0;;Non accertato;Esploso
4069070;4;31/10/2018 13:05:00;Statale entro l'abitato;VIA NOMENTANA;da specificare;;;;altezza Largo Valsolda;Scontro laterale fra veicoli in marcia;Rettilineo;Una carreggiata a doppio senso;Asciutto;Asfaltata;Verticale ed orizzontale;Nuvoloso;Normale;Buona;Ore Diurne;0;0;0;3;12.5728;41.9579;-1;1;Motociclo a solo;In marcia / fermata / arresto;Conducente;M;Illeso;0;;;
4069070;4;31/10/2018 13:05:00;Statale entro l'abitato;VIA NOMENTANA;da specificare;;;;altezza Largo Valsolda;Scontro laterale fra veicoli in marcia;Rettilineo;Una carreggiata a doppio senso;Asciutto;Asfaltata;Verticale ed orizzontale;Nuvoloso;Normale;Buona;Ore Diurne;0;0;0;3;12.5728;41.9579;-1;2;Autovettura privata;In marcia / fermata / arresto;Conducente;M;Illeso;0;;Non accertato;
4069070;4;31/10/2018 13:05:00;Statale entro l'abitato;VIA NOMENTANA;da specificare;;;;altezza Largo Valsolda;Scontro laterale fra veicoli in marcia;Rettilineo;Una carreggiata a doppio senso;Asciutto;Asfaltata;Verticale ed orizzontale;Nuvoloso;Normale;Buona;Ore Diurne;0;0;0;3;12.5728;41.9579;-1;2;Autovettura privata;In marcia / fermata / arresto;Passeggero;F;Illeso;0;;Non accertato;
4069086;5;31/10/2018 17:00:00;Strada Urbana;VIA DI PORTONACCIO;all'intersezione con;VIA GIUSEPPE GALLIANO;VIA GIUSEPPE GALLIANO;;;Scontro laterale fra veicoli in marcia;Intersezione non regolata/non segnalata;Due carreggiate;Asciutto;Asfaltata;Verticale ed orizzontale;Sereno;Normale;Buona;Ore Diurne;0;0;0;2;12.5366;41.9012;-1;1;Motociclo a solo;In marcia / fermata / arresto;Conducente;M;Illeso;0;;Non accertato;
4069086;5;31/10/2018 17:00:00;Strada Urbana;VIA DI PORTONACCIO;all'intersezione con;VIA GIUSEPPE GALLIANO;VIA GIUSEPPE GALLIANO;;;Scontro laterale fra veicoli in marcia;Intersezione non regolata/non segnalata;Due carreggiate;Asciutto;Asfaltata;Verticale ed orizzontale;Sereno;Normale;Buona;Ore Diurne;0;0;0;2;12.5366;41.9012;-1;2;Autovettura privata;In marcia / fermata / arresto;Conducente;M;Illeso;0;;Non accertato;Inesploso
4069127;5;31/10/2018 09:10:00;Strada Urbana;VIA DEL CASALE DI S. BASILIO;all'intersezione con;VIA FILOTTRANO;VIA FILOTTRANO;;;Investimento di pedone;Incrocio;Una carreggiata a doppio senso;Asciutto;Asfaltata;Verticale ed orizzontale;Sereno;Scarso;Buona;Ore Diurne;1;0;0;1;12.5767;41.9397;-1;;;;Pedone;F;Rimandato;0;NON DECEDUTO;;
4069127;5;31/10/2018 09:10:00;Strada Urbana;VIA DEL CASALE DI S. BASILIO;all'intersezione con;VIA FILOTTRANO;VIA FILOTTRANO;;;Investimento di pedone;Incrocio;Una carreggiata a doppio senso;Asciutto;Asfaltata;Verticale ed orizzontale;Sereno;Scarso;Buona;Ore Diurne;1;0;0;1;12.5767;41.9397;-1;1;Autovettura privata;In marcia / fermata / arresto;Conducente;F;Illeso;0;;Non accertato;
4069143;5;31/10/2018 17:30:00;Strada Urbana;VIA TIBURTINA;in prossimità;;del civico n.;695;;Scontro laterale fra veicoli in marcia;Rettilineo;Due carreggiate;Asciutto;Asfaltata;Verticale ed orizzontale;Sereno;Normale;Sufficiente;Sufficiente;0;0;0;2;12.5498;41.9109;-1;1;Autovettura privata;In marcia / fermata / arresto;Conducente;F;Illeso;0;;Non accertato;
4069143;5;31/10/2018 17:30:00;Strada Urbana;VIA TIBURTINA;in prossimità;;del civico n.;695;;Scontro laterale fra veicoli in marcia;Rettilineo;Due carreggiate;Asciutto;Asfaltata;Verticale ed orizzontale;Sereno;Normale;Sufficiente;Sufficiente;0;0;0;2;12.5498;41.9109;-1;2;Autovettura privata;In marcia / fermata / arresto;Conducente;F;Illeso;0;;Non accertato;
4069150;18;31/10/2018 16:50:00;Strada Urbana;VIA LEONE XIII;da specificare;;;;in prossimità di Via Pio IV;Tamponamento;Rettilineo;Due carreggiate;Asciutto;Asfaltata;Verticale ed orizzontale;Nuvoloso;Normale;Buona;Sufficiente;0;0;0;2;12.4382;41.8919;-1;1;Autovettura privata;In marcia / fermata / arresto;Conducente;M;Illeso;0;;Non accertato;
4069150;18;31/10/2018 16:50:00;Strada Urbana;VIA LEONE XIII;da specificare;;;;in prossimità di Via Pio IV;Tamponamento;Rettilineo;Due carreggiate;Asciutto;Asfaltata;Verticale ed orizzontale;Nuvoloso;Normale;Buona;Sufficiente;0;0;0;2;12.4382;41.8919;-1;2;Autovettura privata;In marcia / fermata / arresto;Conducente;F;Illeso;0;;;
4069171;5;31/10/2018 18:30:00;Strada Urbana;VIA NOMENTANA;all'intersezione con;VIA POGGIO BRACCIOLINI;VIA POGGIO BRACCIOLINI;;;Veicolo in marcia contro ostacolo fisso;Incrocio;Una carreggiata a doppio senso;Asciutto;Asfaltata;Verticale;Nuvoloso;Intenso;Sufficiente;Sufficiente;0;0;0;2;12.568;41.9473;-1;1;Autovettura privata;In marcia / fermata / arresto;Conducente;F;Illeso;0;;Non accertato;Inesploso
4069171;5;31/10/2018 18:30:00;Strada Urbana;VIA NOMENTANA;all'intersezione con;VIA POGGIO BRACCIOLINI;VIA POGGIO BRACCIOLINI;;;Veicolo in marcia contro ostacolo fisso;Incrocio;Una carreggiata a doppio senso;Asciutto;Asfaltata;Verticale;Nuvoloso;Intenso;Sufficiente;Sufficiente;0;0;0;2;12.568;41.9473;-1;1;Autovettura privata;In marcia / fermata / arresto;Passeggero;F;Illeso;0;;Non accertato;Inesploso
4069191;4;31/10/2018 14:30:00;Strada Urbana;VIA DELLA BUFALOTTA;in corrispondenza;;del civico n.;229;;Veicolo in marcia contro veicolo fermo;Rettilineo;Una carreggiata a doppio senso;Asciutto;Asfaltata;Verticale ed orizzontale;Sereno;Normale;Buona;Ore Diurne;0;0;0;2;12.5439;41.953;-1;1;Autovettura privata;In marcia / fermata / arresto;Conducente;F;Illeso;0;;;
4069191;4;31/10/2018 14:30:00;Strada Urbana;VIA DELLA BUFALOTTA;in corrispondenza;;del civico n.;229;;Veicolo in marcia contro veicolo fermo;Rettilineo;Una carreggiata a doppio senso;Asciutto;Asfaltata;Verticale ed orizzontale;Sereno;Normale;Buona;Ore Diurne;0;0;0;2;12.5439;41.953;-1;2;Autovettura privata;In marcia / fermata / arresto;Conducente;M;Illeso;0;;;
4069214;4;31/10/2018 14:40:00;Strada Urbana;VIA UGO OJETTI;in prossimità;;del civico n.;385;;Investimento di pedone;Rettilineo;Due carreggiate;Asciutto;Asfaltata;Verticale ed orizzontale;Nuvoloso;Normale;Buona;Ore Diurne;1;0;0;1;12.5545;41.9472;-1;;;;Pedone;F;Ricoverato;0;NON DECEDUTO;;
4069214;4;31/10/2018 14:40:00;Strada Urbana;VIA UGO OJETTI;in prossimità;;del civico n.;385;;Investimento di pedone;Rettilineo;Due carreggiate;Asciutto;Asfaltata;Verticale ed orizzontale;Nuvoloso;Normale;Buona;Ore Diurne;1;0;0;1;12.5545;41.9472;-1;1;Motociclo a solo;In marcia / fermata / arresto;Conducente;M;Illeso;0;;;
4069216;12;31/10/2018 00:40:00;Strada Urbana;VIA CRISTOFORO COLOMBO;in corrispondenza;;del civico n.;708;;Scontro frontale/laterale DX fra veicoli in marcia;Rettilineo;Due carreggiate;Asciutto;Asfaltata;Verticale ed orizzontale;Sereno;Scarso;Insufficiente;Insufficiente;1;0;0;1;12.4719;41.8364;-1;1;Motociclo a solo;In marcia / fermata / arresto;Conducente;F;Rimandato;0;NON DECEDUTO;Utilizzato;
4069216;12;31/10/2018 00:40:00;Strada Urbana;VIA CRISTOFORO COLOMBO;in corrispondenza;;del civico n.;708;;Scontro frontale/laterale DX fra veicoli in marcia;Rettilineo;Due carreggiate;Asciutto;Asfaltata;Verticale ed orizzontale;Sereno;Scarso;Insufficiente;Insufficiente;1;0;0;1;12.4719;41.8364;-1;2;Autovettura privata;In marcia / fermata / arresto;Conducente;F;Illeso;0;;Utilizzato;Inesploso
4069222;7;31/10/2018 15:15:00;Strada Urbana;VIA WALTER TOBAGI;in corrispondenza;;del palo luce n.;47;;Veicolo in marcia contro ostacolo accidentale;Rettilineo;Una carreggiata a doppio senso;Asciutto;Con buche;Orizzontale;Sereno;Scarso;Buona;Ore Diurne;0;0;0;2;12.5973;41.8753;-1;1;Autovettura privata;In marcia / fermata / arresto;Conducente;F;Illeso;0;;Non utilizzato;Inesploso
4069222;7;31/10/2018 15:15:00;Strada Urbana;VIA WALTER TOBAGI;in corrispondenza;;del palo luce n.;47;;Veicolo in marcia contro ostacolo accidentale;Rettilineo;Una carreggiata a doppio senso;Asciutto;Con buche;Orizzontale;Sereno;Scarso;Buona;Ore Diurne;0;0;0;2;12.5973;41.8753;-1;1;Autovettura privata;In marcia / fermata / arresto;Passeggero;M;Illeso;0;;Non accertato;Inesploso
4069227;4;31/10/2018 17:45:00;Strada Urbana;PIAZZA GIULIETTA MASINA;all'intersezione con;VIA ELSA DE' GIORGI;VIA ELSA DE' GIORGI;;;Scontro laterale fra veicoli in marcia;Rotatoria;Una carreggiata a senso unico di marcia;Asciutto;Asfaltata;Orizzontale;Sereno;Normale;Buona;Ore Diurne;0;0;0;4;12.5378;41.966;-1;1;Autovettura privata;In marcia / fermata / arresto;Conducente;M;Illeso;0;;;
4069227;4;31/10/2018 17:45:00;Strada Urbana;PIAZZA GIULIETTA MASINA;all'intersezione con;VIA ELSA DE' GIORGI;VIA ELSA DE' GIORGI;;;Scontro laterale fra veicoli in marcia;Rotatoria;Una carreggiata a senso unico di marcia;Asciutto;Asfaltata;Orizzontale;Sereno;Normale;Buona;Ore Diurne;0;0;0;4;12.5378;41.966;-1;1;Autovettura privata;In marcia / fermata / arresto;Passeggero;F;Illeso;0;;;
4069227;4;31/10/2018 17:45:00;Strada Urbana;PIAZZA GIULIETTA MASINA;all'intersezione con;VIA ELSA DE' GIORGI;VIA ELSA DE' GIORGI;;;Scontro laterale fra veicoli in marcia;Rotatoria;Una carreggiata a senso unico di marcia;Asciutto;Asfaltata;Orizzontale;Sereno;Normale;Buona;Ore Diurne;0;0;0;4;12.5378;41.966;-1;1;Autovettura privata;In marcia / fermata / arresto;Passeggero;M;Illeso;0;;;
4069227;4;31/10/2018 17:45:00;Strada Urbana;PIAZZA GIULIETTA MASINA;all'intersezione con;VIA ELSA DE' GIORGI;VIA ELSA DE' GIORGI;;;Scontro laterale fra veicoli in marcia;Rotatoria;Una carreggiata a senso unico di marcia;Asciutto;Asfaltata;Orizzontale;Sereno;Normale;Buona;Ore Diurne;0;0;0;4;12.5378;41.966;-1;2;Autovettura privata;In marcia / fermata / arresto;Conducente;M;Illeso;0;;;
4069260;17;31/10/2018 10:50:00;Strada Urbana;VIALE DEI BASTIONI DI MICHELANGELO;da specificare;;;;FRONTE PROSSIMITA' VIA GERMANICO;Tamponamento;Rettilineo;Una carreggiata a doppio senso;Asciutto;Asfaltata;Verticale ed orizzontale;Nuvoloso;Normale;Buona;Ore Diurne;0;0;0;2;12.4557;41.907;0;1;Autovettura privata;In marcia / fermata / arresto;Conducente;M;Illeso;0;;;
4069260;17;31/10/2018 10:50:00;Strada Urbana;VIALE DEI BASTIONI DI MICHELANGELO;da specificare;;;;FRONTE PROSSIMITA' VIA GERMANICO;Tamponamento;Rettilineo;Una carreggiata a doppio senso;Asciutto;Asfaltata;Verticale ed orizzontale;Nuvoloso;Normale;Buona;Ore Diurne;0;0;0;2;12.4557;41.907;0;2;Motociclo con passeggero;In marcia / fermata / arresto;Conducente;M;Illeso;0;;;
4069262;17;31/10/2018 09:10:00;Strada Urbana;VIA DAMIATA;in prossimità;;del civico n.;2;;Scontro frontale/laterale SX fra veicoli in marcia;Rettilineo;Una carreggiata a doppio senso;Bagnato (brina);Asfaltata;Verticale ed orizzontale;Sereno;Normale;Buona;Ore Diurne;0;0;0;2;12.4639;41.9112;-1;1;Autocarro inferiore 35 q.;In marcia / fermata / arresto;Conducente;M;Illeso;0;;;
4069262;17;31/10/2018 09:10:00;Strada Urbana;VIA DAMIATA;in prossimità;;del civico n.;2;;Scontro frontale/laterale SX fra veicoli in marcia;Rettilineo;Una carreggiata a doppio senso;Bagnato (brina);Asfaltata;Verticale ed orizzontale;Sereno;Normale;Buona;Ore Diurne;0;0;0;2;12.4639;41.9112;-1;1;Autocarro inferiore 35 q.;In marcia / fermata / arresto;Passeggero;M;Illeso;0;;;
4069263;12;29/10/2018 23:00:00;Strada Urbana;VIA SARSINA;in corrispondenza;;del civico n.;108;;Veicolo in marcia contro ostacolo accidentale;Rettilineo;Una carreggiata a senso unico di marcia;Bagnato (pioggia);Asfaltata;Verticale ed orizzontale;Nuvoloso;Scarso;Buona;Sufficiente;1;0;0;0;12.4073;41.7919;-1;1;Ciclomotore;In marcia / fermata / arresto;Conducente;M;Rimandato;0;NON DECEDUTO;;
4069269;9;31/10/2018 13:50:00;Strada Urbana;VIA GELA;in corrispondenza;;del civico n.;17;;Scontro laterale fra veicoli in marcia;Rettilineo;Una carreggiata a doppio senso;Asciutto;Asfaltata;Assente;Sereno;Normale;Buona;Ore Diurne;0;0;0;3;12.5196;41.8781;-1;1;Autovettura privata;In marcia / fermata / arresto;Conducente;M;Illeso;0;;Non accertato;Inesploso
4069269;9;31/10/2018 13:50:00;Strada Urbana;VIA GELA;in corrispondenza;;del civico n.;17;;Scontro laterale fra veicoli in marcia;Rettilineo;Una carreggiata a doppio senso;Asciutto;Asfaltata;Assente;Sereno;Normale;Buona;Ore Diurne;0;0;0;3;12.5196;41.8781;-1;2;Autovettura privata;In marcia / fermata / arresto;Conducente;M;Illeso;0;;Non accertato;Inesploso
4069269;9;31/10/2018 13:50:00;Strada Urbana;VIA GELA;in corrispondenza;;del civico n.;17;;Scontro laterale fra veicoli in marcia;Rettilineo;Una carreggiata a doppio senso;Asciutto;Asfaltata;Assente;Sereno;Normale;Buona;Ore Diurne;0;0;0;3;12.5196;41.8781;-1;2;Autovettura privata;In marcia / fermata / arresto;Passeggero;M;Illeso;0;;Non accertato;Inesploso
4069274;4;31/10/2018 17:50:00;Strada Urbana;VIALE FRANCO ARCALLI;all'intersezione con;VIA ELSA DE' GIORGI;VIA ELSA DE' GIORGI;;;Veicolo in marcia contro veicolo fermo;Rotatoria;Una carreggiata a senso unico di marcia;Asciutto;Asfaltata;Verticale ed orizzontale;Nuvoloso;Intenso;Sufficiente;Sufficiente;0;0;0;2;12.5422;41.9709;-1;1;Autovettura privata;In marcia / fermata / arresto;Conducente;M;Illeso;0;;;
4069274;4;31/10/2018 17:50:00;Strada Urbana;VIALE FRANCO ARCALLI;all'intersezione con;VIA ELSA DE' GIORGI;VIA ELSA DE' GIORGI;;;Veicolo in marcia contro veicolo fermo;Rotatoria;Una carreggiata a senso unico di marcia;Asciutto;Asfaltata;Verticale ed orizzontale;Nuvoloso;Intenso;Sufficiente;Sufficiente;0;0;0;2;12.5422;41.9709;-1;2;Autovettura di polizia;In marcia / fermata / arresto;Conducente;M;Illeso;0;;;
4069276;18;31/10/2018 13:20:00;Strada Urbana;LARGO PIER FRANCESCO SCARAMPI;in corrispondenza;;del civico n.;14;;Investimento di pedone;Rettilineo;Una carreggiata a senso unico di marcia;Asciutto;Asfaltata;Verticale ed orizzontale;Nuvoloso;Intenso;Buona;Ore Diurne;1;0;0;1;12.4236;41.9044;-1;;;;Pedone;F;Ricoverato;0;NON DECEDUTO;;
4069276;18;31/10/2018 13:20:00;Strada Urbana;LARGO PIER FRANCESCO SCARAMPI;in corrispondenza;;del civico n.;14;;Investimento di pedone;Rettilineo;Una carreggiata a senso unico di marcia;Asciutto;Asfaltata;Verticale ed orizzontale;Nuvoloso;Intenso;Buona;Ore Diurne;1;0;0;1;12.4236;41.9044;-1;1;Autovettura privata;In marcia / fermata / arresto;Conducente;F;Illeso;0;;Non accertato;Inesploso
4069287;23;31/10/2018 09:10:00;Comunale extraurbana;VIA CRISTOFORO COLOMBO;in corrispondenza;;della chilometrica;18.5;;Tamponamento Multiplo;Rettilineo;Due carreggiate;Asciutto;Asfaltata;Verticale ed orizzontale;Nuvoloso;Intenso;Buona;Ore Diurne;1;0;0;2;12.4121;41.786;-1;1;Autovettura privata;In marcia / fermata / arresto;Conducente;F;Illeso;0;;Non accertato;Inesploso